level,vineyard_id,row_id,block_count,row_count,row_length_m,canopy_area_m2,canopy_area_ha,interrow_area_m2,interrow_area_ha,plant_count,row_structure
survey,,,54,717,46633.44,14468.20,1.4468,90596.12,9.0596,11889,
block,V01,,,171,11476.85,3307.58,0.3308,19482.48,1.9482,2302,
block,V02,,,4,94.59,45.45,0.0045,226.90,0.0227,11,
block,V03,,,62,4167.58,1570.21,0.1570,9169.31,0.9169,1045,
block,V04,,,3,160.84,80.09,0.0080,245.73,0.0246,13,
block,V05,,,4,236.67,98.46,0.0098,374.33,0.0374,25,
block,V06,,,4,196.40,18.87,0.0019,342.44,0.0342,48,
block,V07,,,3,23.95,6.88,0.0007,32.99,0.0033,7,
block,V08,,,6,168.88,15.59,0.0016,148.53,0.0149,29,
block,V09,,,5,171.06,72.57,0.0073,172.90,0.0173,19,
block,V10,,,4,86.64,38.74,0.0039,172.48,0.0172,10,
block,V11,,,3,148.05,62.41,0.0062,342.82,0.0343,20,
block,V12,,,100,12957.57,3304.16,0.3304,27664.57,2.7665,5074,
block,V13,,,3,57.98,25.09,0.0025,126.21,0.0126,8,
block,V14,,,54,4050.41,1406.31,0.1406,8278.37,0.8278,771,
block,V15,,,3,28.47,7.15,0.0007,38.36,0.0038,8,
block,V16,,,3,39.24,17.75,0.0018,87.82,0.0088,9,
block,V17,,,4,99.22,9.27,0.0009,216.37,0.0216,19,
block,V18,,,5,113.09,11.02,0.0011,207.77,0.0208,13,
block,V19,,,4,166.91,75.86,0.0076,547.82,0.0548,25,
block,V20,,,12,560.16,277.90,0.0278,1335.67,0.1336,62,
block,V21,,,3,63.63,30.38,0.0030,175.82,0.0176,9,
block,V22,,,11,789.51,402.30,0.0402,1580.68,0.1581,87,
block,V23,,,3,125.47,30.04,0.0030,181.84,0.0182,17,
block,V24,,,6,403.68,146.91,0.0147,697.58,0.0698,82,
block,V25,,,3,66.59,29.63,0.0030,93.86,0.0094,13,
block,V26,,,8,271.02,20.66,0.0021,446.70,0.0447,40,
block,V27,,,7,282.57,113.31,0.0113,475.32,0.0475,47,
block,V28,,,9,499.85,211.35,0.0211,837.13,0.0837,88,
block,V29,,,11,315.52,134.72,0.0135,496.02,0.0496,72,
block,V30,,,5,124.71,35.95,0.0036,240.29,0.0240,51,
block,V31,,,5,258.90,103.23,0.0103,421.65,0.0422,46,
block,V32,,,6,166.98,9.04,0.0009,199.54,0.0200,23,
block,V33,,,8,310.70,158.01,0.0158,487.65,0.0488,16,
block,V34,,,3,138.60,38.46,0.0038,283.43,0.0283,41,
block,V35,,,6,150.76,27.54,0.0028,156.43,0.0156,26,
block,V36,,,9,233.01,15.47,0.0015,467.97,0.0468,35,
block,V37,,,3,189.46,65.09,0.0065,285.10,0.0285,41,
block,V38,,,8,257.64,55.77,0.0056,619.61,0.0620,65,
block,V39,,,3,26.37,7.99,0.0008,52.89,0.0053,8,
block,V40,,,5,188.10,58.91,0.0059,298.91,0.0299,50,
block,V41,,,3,192.94,63.78,0.0064,453.38,0.0453,44,
block,V42,,,19,838.80,318.01,0.0318,1798.59,0.1799,182,
block,V43,,,11,616.91,193.63,0.0194,1124.68,0.1125,148,
block,V44,,,6,295.71,99.24,0.0099,475.87,0.0476,69,
block,V45,,,5,63.50,18.02,0.0018,79.88,0.0080,19,
block,V46,,,4,176.72,58.02,0.0058,345.40,0.0345,27,
block,V47,,,22,1121.63,507.75,0.0508,2228.81,0.2229,180,
block,V48,,,15,764.48,163.17,0.0163,1184.77,0.1185,162,
block,V49,,,4,115.27,22.96,0.0023,250.11,0.0250,11,
block,V50,,,4,54.76,2.06,0.0002,106.56,0.0107,8,
block,V51,,,7,432.35,177.77,0.0178,767.58,0.0768,97,
block,V52,,,3,145.76,71.13,0.0071,213.40,0.0213,15,
block,V53,,,3,34.93,11.87,0.0012,59.13,0.0059,9,
block,V54,,,32,1911.99,614.67,0.0615,3795.69,0.3796,543,
row,V01,V01-R001,,,5.67,,,,,1,regular
row,V01,V01-R002,,,13.61,,,,,3,regular
row,V01,V01-R003,,,16.44,,,,,3,regular
row,V01,V01-R004,,,19.26,,,,,3,regular
row,V01,V01-R005,,,25.21,,,,,5,regular
row,V01,V01-R006,,,30.83,,,,,6,regular
row,V01,V01-R007,,,36.27,,,,,6,disrupted
row,V01,V01-R008,,,38.10,,,,,11,regular
row,V01,V01-R009,,,42.80,,,,,14,regular
row,V01,V01-R010,,,48.85,,,,,16,regular
row,V01,V01-R011,,,56.00,,,,,18,regular
row,V01,V01-R012,,,33.82,,,,,15,regular
row,V01,V01-R013,,,27.42,,,,,10,regular
row,V01,V01-R014,,,46.85,,,,,2,regular
row,V01,V01-R015,,,66.34,,,,,22,disrupted
row,V01,V01-R016,,,55.28,,,,,7,disrupted
row,V01,V01-R017,,,65.45,,,,,17,disrupted
row,V01,V01-R018,,,51.02,,,,,10,regular
row,V01,V01-R019,,,75.03,,,,,12,disrupted
row,V01,V01-R020,,,55.35,,,,,9,regular
row,V01,V01-R021,,,80.65,,,,,15,disrupted
row,V01,V01-R022,,,55.33,,,,,12,regular
row,V01,V01-R023,,,14.20,,,,,5,regular
row,V01,V01-R024,,,71.98,,,,,19,regular
row,V01,V01-R025,,,55.24,,,,,14,regular
row,V01,V01-R026,,,19.64,,,,,4,regular
row,V01,V01-R027,,,55.23,,,,,19,regular
row,V01,V01-R028,,,70.80,,,,,13,regular
row,V01,V01-R029,,,97.64,,,,,31,disrupted
row,V01,V01-R030,,,55.34,,,,,16,regular
row,V01,V01-R031,,,108.66,,,,,36,regular
row,V01,V01-R032,,,55.30,,,,,19,regular
row,V01,V01-R033,,,167.95,,,,,56,disrupted
row,V01,V01-R034,,,105.61,,,,,28,regular
row,V01,V01-R035,,,74.70,,,,,25,regular
row,V01,V01-R036,,,55.38,,,,,7,regular
row,V01,V01-R037,,,17.92,,,,,9,regular
row,V01,V01-R038,,,55.23,,,,,18,regular
row,V01,V01-R039,,,55.69,,,,,6,regular
row,V01,V01-R040,,,16.02,,,,,1,regular
row,V01,V01-R041,,,45.92,,,,,8,regular
row,V01,V01-R042,,,55.56,,,,,3,regular
row,V01,V01-R043,,,12.07,,,,,2,regular
row,V01,V01-R044,,,9.49,,,,,1,regular
row,V01,V01-R045,,,40.90,,,,,10,regular
row,V01,V01-R046,,,16.72,,,,,5,regular
row,V01,V01-R047,,,55.55,,,,,3,regular
row,V01,V01-R048,,,2.69,,,,,1,regular
row,V01,V01-R049,,,55.67,,,,,6,regular
row,V01,V01-R050,,,55.35,,,,,4,regular
row,V01,V01-R051,,,55.26,,,,,6,regular
row,V01,V01-R052,,,55.63,,,,,16,regular
row,V01,V01-R053,,,19.01,,,,,6,regular
row,V01,V01-R054,,,37.27,,,,,3,regular
row,V01,V01-R055,,,111.02,,,,,37,regular
row,V01,V01-R056,,,144.48,,,,,40,disrupted
row,V01,V01-R057,,,21.87,,,,,5,regular
row,V01,V01-R058,,,166.10,,,,,43,disrupted
row,V01,V01-R059,,,110.98,,,,,15,regular
row,V01,V01-R060,,,60.30,,,,,19,regular
row,V01,V01-R061,,,177.48,,,,,43,regular
row,V01,V01-R062,,,184.73,,,,,46,regular
row,V01,V01-R063,,,54.10,,,,,6,regular
row,V01,V01-R064,,,136.30,,,,,46,regular
row,V01,V01-R065,,,198.85,,,,,45,regular
row,V01,V01-R066,,,203.49,,,,,40,regular
row,V01,V01-R067,,,207.83,,,,,31,disrupted
row,V01,V01-R068,,,84.83,,,,,24,regular
row,V01,V01-R069,,,45.92,,,,,2,regular
row,V01,V01-R070,,,39.27,,,,,8,disrupted
row,V01,V01-R071,,,43.58,,,,,7,regular
row,V01,V01-R072,,,125.32,,,,,34,disrupted
row,V01,V01-R073,,,200.27,,,,,45,disrupted
row,V01,V01-R074,,,203.33,,,,,45,disrupted
row,V01,V01-R075,,,91.03,,,,,13,regular
row,V01,V01-R076,,,50.45,,,,,21,regular
row,V01,V01-R077,,,55.29,,,,,12,disrupted
row,V01,V01-R078,,,7.06,,,,,3,regular
row,V01,V01-R079,,,110.68,,,,,16,regular
row,V01,V01-R080,,,55.21,,,,,11,disrupted
row,V01,V01-R081,,,33.02,,,,,8,regular
row,V01,V01-R082,,,55.53,,,,,14,regular
row,V01,V01-R083,,,55.45,,,,,16,regular
row,V01,V01-R084,,,55.28,,,,,11,disrupted
row,V01,V01-R085,,,31.57,,,,,7,regular
row,V01,V01-R086,,,85.96,,,,,18,regular
row,V01,V01-R087,,,110.66,,,,,34,regular
row,V01,V01-R088,,,139.27,,,,,34,regular
row,V01,V01-R089,,,40.99,,,,,11,regular
row,V01,V01-R090,,,69.37,,,,,21,regular
row,V01,V01-R091,,,27.23,,,,,6,disrupted
row,V01,V01-R092,,,110.61,,,,,36,regular
row,V01,V01-R093,,,25.69,,,,,4,regular
row,V01,V01-R094,,,110.20,,,,,26,regular
row,V01,V01-R095,,,24.13,,,,,10,regular
row,V01,V01-R096,,,110.50,,,,,32,disrupted
row,V01,V01-R097,,,22.60,,,,,4,disrupted
row,V01,V01-R098,,,110.50,,,,,39,disrupted
row,V01,V01-R099,,,21.06,,,,,3,disrupted
row,V01,V01-R100,,,110.50,,,,,29,disrupted
row,V01,V01-R101,,,17.97,,,,,4,regular
row,V01,V01-R102,,,110.59,,,,,14,regular
row,V01,V01-R103,,,24.80,,,,,5,regular
row,V01,V01-R104,,,110.67,,,,,23,regular
row,V01,V01-R105,,,30.30,,,,,4,regular
row,V01,V01-R106,,,19.83,,,,,5,disrupted
row,V01,V01-R107,,,110.68,,,,,26,regular
row,V01,V01-R108,,,14.22,,,,,4,regular
row,V01,V01-R109,,,27.07,,,,,4,regular
row,V01,V01-R110,,,110.75,,,,,23,regular
row,V01,V01-R111,,,34.04,,,,,5,regular
row,V01,V01-R112,,,13.00,,,,,5,regular
row,V01,V01-R113,,,113.42,,,,,26,regular
row,V01,V01-R114,,,110.81,,,,,27,regular
row,V01,V01-R115,,,54.27,,,,,12,disrupted
row,V01,V01-R116,,,55.20,,,,,10,regular
row,V01,V01-R117,,,122.88,,,,,29,regular
row,V01,V01-R118,,,121.45,,,,,20,regular
row,V01,V01-R119,,,61.02,,,,,14,regular
row,V01,V01-R120,,,181.11,,,,,37,disrupted
row,V01,V01-R121,,,174.17,,,,,42,disrupted
row,V01,V01-R122,,,184.39,,,,,39,regular
row,V01,V01-R123,,,177.44,,,,,42,regular
row,V01,V01-R124,,,54.22,,,,,5,regular
row,V01,V01-R125,,,110.66,,,,,24,regular
row,V01,V01-R126,,,153.10,,,,,37,disrupted
row,V01,V01-R127,,,171.14,,,,,28,disrupted
row,V01,V01-R128,,,170.18,,,,,19,regular
row,V01,V01-R129,,,6.73,,,,,0,disrupted
row,V01,V01-R130,,,43.78,,,,,9,regular
row,V01,V01-R131,,,124.34,,,,,6,regular
row,V01,V01-R132,,,110.73,,,,,5,regular
row,V01,V01-R133,,,41.85,,,,,1,regular
row,V01,V01-R134,,,20.87,,,,,6,regular
row,V01,V01-R135,,,94.58,,,,,8,disrupted
row,V01,V01-R136,,,55.18,,,,,3,regular
row,V01,V01-R137,,,38.12,,,,,2,regular
row,V01,V01-R138,,,39.34,,,,,0,disrupted
row,V01,V01-R139,,,55.41,,,,,6,disrupted
row,V01,V01-R140,,,41.90,,,,,0,disrupted
row,V01,V01-R141,,,44.87,,,,,8,disrupted
row,V01,V01-R142,,,40.35,,,,,1,disrupted
row,V01,V01-R143,,,33.79,,,,,5,disrupted
row,V01,V01-R144,,,55.30,,,,,1,disrupted
row,V01,V01-R145,,,48.23,,,,,0,disrupted
row,V01,V01-R146,,,51.48,,,,,9,disrupted
row,V01,V01-R147,,,55.21,,,,,0,disrupted
row,V01,V01-R148,,,55.42,,,,,10,disrupted
row,V01,V01-R149,,,47.49,,,,,1,disrupted
row,V01,V01-R150,,,44.67,,,,,11,disrupted
row,V01,V01-R151,,,47.98,,,,,5,disrupted
row,V01,V01-R152,,,46.77,,,,,0,disrupted
row,V01,V01-R153,,,47.17,,,,,5,disrupted
row,V01,V01-R154,,,40.42,,,,,1,disrupted
row,V01,V01-R155,,,51.63,,,,,0,disrupted
row,V01,V01-R156,,,37.87,,,,,6,disrupted
row,V01,V01-R157,,,48.68,,,,,0,disrupted
row,V01,V01-R158,,,25.21,,,,,6,disrupted
row,V01,V01-R159,,,50.71,,,,,0,disrupted
row,V01,V01-R160,,,28.53,,,,,7,disrupted
row,V01,V01-R161,,,52.01,,,,,1,disrupted
row,V01,V01-R162,,,19.48,,,,,3,disrupted
row,V01,V01-R163,,,54.91,,,,,3,disrupted
row,V01,V01-R164,,,55.14,,,,,0,disrupted
row,V01,V01-R165,,,8.90,,,,,2,regular
row,V01,V01-R166,,,48.11,,,,,0,disrupted
row,V01,V01-R167,,,53.23,,,,,1,disrupted
row,V01,V01-R168,,,36.20,,,,,0,disrupted
row,V01,V01-R169,,,33.22,,,,,0,disrupted
row,V01,V01-R170,,,29.32,,,,,0,disrupted
row,V01,V01-R171,,,17.27,,,,,0,disrupted
row,V02,V02-R001,,,14.74,,,,,1,regular
row,V02,V02-R002,,,18.46,,,,,2,regular
row,V02,V02-R003,,,24.28,,,,,4,regular
row,V02,V02-R004,,,37.11,,,,,4,regular
row,V03,V03-R001,,,21.43,,,,,1,disrupted
row,V03,V03-R002,,,34.32,,,,,9,disrupted
row,V03,V03-R003,,,40.96,,,,,16,regular
row,V03,V03-R004,,,47.28,,,,,17,regular
row,V03,V03-R005,,,53.61,,,,,23,regular
row,V03,V03-R006,,,60.31,,,,,22,regular
row,V03,V03-R007,,,66.87,,,,,17,regular
row,V03,V03-R008,,,73.23,,,,,33,regular
row,V03,V03-R009,,,46.84,,,,,8,regular
row,V03,V03-R010,,,79.68,,,,,35,regular
row,V03,V03-R011,,,86.21,,,,,38,regular
row,V03,V03-R012,,,53.96,,,,,6,regular
row,V03,V03-R013,,,122.89,,,,,32,regular
row,V03,V03-R014,,,5.90,,,,,3,regular
row,V03,V03-R015,,,55.26,,,,,23,regular
row,V03,V03-R016,,,61.84,,,,,10,regular
row,V03,V03-R017,,,122.37,,,,,30,disrupted
row,V03,V03-R018,,,76.74,,,,,34,regular
row,V03,V03-R019,,,92.47,,,,,38,regular
row,V03,V03-R020,,,43.28,,,,,6,disrupted
row,V03,V03-R021,,,108.95,,,,,45,regular
row,V03,V03-R022,,,98.95,,,,,26,disrupted
row,V03,V03-R023,,,106.49,,,,,20,regular
row,V03,V03-R024,,,69.08,,,,,28,regular
row,V03,V03-R025,,,61.20,,,,,17,regular
row,V03,V03-R026,,,61.27,,,,,26,regular
row,V03,V03-R027,,,105.83,,,,,24,disrupted
row,V03,V03-R028,,,16.61,,,,,2,regular
row,V03,V03-R029,,,46.14,,,,,21,regular
row,V03,V03-R030,,,61.39,,,,,18,regular
row,V03,V03-R031,,,11.90,,,,,2,regular
row,V03,V03-R032,,,108.49,,,,,38,regular
row,V03,V03-R033,,,6.90,,,,,4,regular
row,V03,V03-R034,,,113.00,,,,,34,regular
row,V03,V03-R035,,,108.13,,,,,36,regular
row,V03,V03-R036,,,7.21,,,,,1,regular
row,V03,V03-R037,,,103.32,,,,,42,regular
row,V03,V03-R038,,,11.95,,,,,2,regular
row,V03,V03-R039,,,43.96,,,,,0,regular
row,V03,V03-R040,,,111.14,,,,,6,regular
row,V03,V03-R041,,,117.64,,,,,10,regular
row,V03,V03-R042,,,124.40,,,,,8,regular
row,V03,V03-R043,,,61.12,,,,,8,regular
row,V03,V03-R044,,,61.38,,,,,5,regular
row,V03,V03-R045,,,122.39,,,,,12,regular
row,V03,V03-R046,,,122.47,,,,,13,regular
row,V03,V03-R047,,,4.38,,,,,1,regular
row,V03,V03-R048,,,61.45,,,,,5,regular
row,V03,V03-R049,,,57.40,,,,,4,regular
row,V03,V03-R050,,,122.34,,,,,15,regular
row,V03,V03-R051,,,122.28,,,,,16,regular
row,V03,V03-R052,,,109.28,,,,,32,regular
row,V03,V03-R053,,,107.26,,,,,23,disrupted
row,V03,V03-R054,,,99.16,,,,,32,regular
row,V03,V03-R055,,,25.28,,,,,7,regular
row,V03,V03-R056,,,35.71,,,,,10,regular
row,V03,V03-R057,,,25.19,,,,,9,regular
row,V03,V03-R058,,,19.05,,,,,5,regular
row,V03,V03-R059,,,64.82,,,,,16,regular
row,V03,V03-R060,,,47.93,,,,,10,disrupted
row,V03,V03-R061,,,47.78,,,,,10,regular
row,V03,V03-R062,,,1.52,,,,,1,regular
row,V04,V04-R001,,,53.59,,,,,7,regular
row,V04,V04-R002,,,53.62,,,,,5,regular
row,V04,V04-R003,,,53.64,,,,,1,regular
row,V05,V05-R001,,,59.43,,,,,2,regular
row,V05,V05-R002,,,58.36,,,,,6,regular
row,V05,V05-R003,,,59.46,,,,,5,regular
row,V05,V05-R004,,,59.42,,,,,12,regular
row,V06,V06-R001,,,52.92,,,,,11,disrupted
row,V06,V06-R002,,,52.99,,,,,15,regular
row,V06,V06-R003,,,49.65,,,,,11,disrupted
row,V06,V06-R004,,,40.84,,,,,11,regular
row,V07,V07-R001,,,14.24,,,,,4,regular
row,V07,V07-R002,,,7.78,,,,,2,regular
row,V07,V07-R003,,,1.93,,,,,1,regular
row,V08,V08-R001,,,43.18,,,,,14,disrupted
row,V08,V08-R002,,,37.86,,,,,8,disrupted
row,V08,V08-R003,,,31.97,,,,,4,disrupted
row,V08,V08-R004,,,21.63,,,,,1,disrupted
row,V08,V08-R005,,,22.68,,,,,1,disrupted
row,V08,V08-R006,,,11.55,,,,,1,disrupted
row,V09,V09-R001,,,22.13,,,,,4,regular
row,V09,V09-R002,,,27.03,,,,,6,regular
row,V09,V09-R003,,,34.46,,,,,3,regular
row,V09,V09-R004,,,37.90,,,,,3,regular
row,V09,V09-R005,,,49.53,,,,,3,disrupted
row,V10,V10-R001,,,16.99,,,,,1,disrupted
row,V10,V10-R002,,,22.88,,,,,4,regular
row,V10,V10-R003,,,22.01,,,,,3,regular
row,V10,V10-R004,,,24.76,,,,,2,regular
row,V11,V11-R001,,,51.13,,,,,3,regular
row,V11,V11-R002,,,47.30,,,,,6,regular
row,V11,V11-R003,,,49.62,,,,,11,disrupted
row,V12,V12-R001,,,7.10,,,,,2,regular
row,V12,V12-R002,,,142.60,,,,,46,disrupted
row,V12,V12-R003,,,148.29,,,,,57,disrupted
row,V12,V12-R004,,,153.92,,,,,62,regular
row,V12,V12-R005,,,159.68,,,,,68,regular
row,V12,V12-R006,,,36.34,,,,,13,regular
row,V12,V12-R007,,,131.84,,,,,50,disrupted
row,V12,V12-R008,,,216.37,,,,,85,disrupted
row,V12,V12-R009,,,214.89,,,,,99,disrupted
row,V12,V12-R010,,,226.94,,,,,84,disrupted
row,V12,V12-R011,,,59.83,,,,,23,regular
row,V12,V12-R012,,,172.16,,,,,66,disrupted
row,V12,V12-R013,,,236.05,,,,,93,disrupted
row,V12,V12-R014,,,234.61,,,,,95,disrupted
row,V12,V12-R015,,,193.69,,,,,81,disrupted
row,V12,V12-R016,,,39.24,,,,,15,regular
row,V12,V12-R017,,,129.26,,,,,49,disrupted
row,V12,V12-R018,,,99.44,,,,,41,regular
row,V12,V12-R019,,,99.47,,,,,41,regular
row,V12,V12-R020,,,129.14,,,,,31,disrupted
row,V12,V12-R021,,,10.00,,,,,1,regular
row,V12,V12-R022,,,222.57,,,,,73,disrupted
row,V12,V12-R023,,,217.25,,,,,67,disrupted
row,V12,V12-R024,,,128.62,,,,,43,disrupted
row,V12,V12-R025,,,83.93,,,,,33,regular
row,V12,V12-R026,,,58.76,,,,,22,regular
row,V12,V12-R027,,,64.33,,,,,23,disrupted
row,V12,V12-R028,,,84.57,,,,,36,disrupted
row,V12,V12-R029,,,168.24,,,,,71,disrupted
row,V12,V12-R030,,,257.89,,,,,109,disrupted
row,V12,V12-R031,,,30.29,,,,,13,regular
row,V12,V12-R032,,,1.49,,,,,1,regular
row,V12,V12-R033,,,193.03,,,,,78,disrupted
row,V12,V12-R034,,,59.45,,,,,25,regular
row,V12,V12-R035,,,263.42,,,,,107,disrupted
row,V12,V12-R036,,,28.56,,,,,10,regular
row,V12,V12-R037,,,269.69,,,,,108,disrupted
row,V12,V12-R038,,,28.47,,,,,8,regular
row,V12,V12-R039,,,275.24,,,,,113,disrupted
row,V12,V12-R040,,,26.34,,,,,14,regular
row,V12,V12-R041,,,281.60,,,,,128,disrupted
row,V12,V12-R042,,,25.79,,,,,9,regular
row,V12,V12-R043,,,29.66,,,,,14,regular
row,V12,V12-R044,,,281.51,,,,,114,disrupted
row,V12,V12-R045,,,99.42,,,,,35,regular
row,V12,V12-R046,,,22.49,,,,,12,regular
row,V12,V12-R047,,,193.46,,,,,73,disrupted
row,V12,V12-R048,,,292.76,,,,,118,disrupted
row,V12,V12-R049,,,21.40,,,,,6,regular
row,V12,V12-R050,,,101.03,,,,,35,regular
row,V12,V12-R051,,,20.26,,,,,7,regular
row,V12,V12-R052,,,187.22,,,,,68,disrupted
row,V12,V12-R053,,,101.86,,,,,42,regular
row,V12,V12-R054,,,19.69,,,,,8,regular
row,V12,V12-R055,,,188.64,,,,,77,disrupted
row,V12,V12-R056,,,296.33,,,,,131,disrupted
row,V12,V12-R057,,,104.34,,,,,42,regular
row,V12,V12-R058,,,64.68,,,,,30,regular
row,V12,V12-R059,,,128.54,,,,,54,disrupted
row,V12,V12-R060,,,78.09,,,,,33,regular
row,V12,V12-R061,,,34.35,,,,,15,regular
row,V12,V12-R062,,,159.03,,,,,65,disrupted
row,V12,V12-R063,,,58.89,,,,,25,regular
row,V12,V12-R064,,,192.99,,,,,82,disrupted
row,V12,V12-R065,,,64.17,,,,,26,regular
row,V12,V12-R066,,,128.22,,,,,49,regular
row,V12,V12-R067,,,64.87,,,,,25,regular
row,V12,V12-R068,,,81.80,,,,,30,disrupted
row,V12,V12-R069,,,91.83,,,,,39,disrupted
row,V12,V12-R070,,,47.91,,,,,25,regular
row,V12,V12-R071,,,34.31,,,,,18,regular
row,V12,V12-R072,,,99.57,,,,,44,disrupted
row,V12,V12-R073,,,119.04,,,,,52,disrupted
row,V12,V12-R074,,,28.56,,,,,10,regular
row,V12,V12-R075,,,267.36,,,,,110,disrupted
row,V12,V12-R076,,,266.42,,,,,98,disrupted
row,V12,V12-R077,,,258.47,,,,,109,disrupted
row,V12,V12-R078,,,57.78,,,,,22,disrupted
row,V12,V12-R079,,,199.53,,,,,81,disrupted
row,V12,V12-R080,,,258.67,,,,,109,disrupted
row,V12,V12-R081,,,257.23,,,,,96,disrupted
row,V12,V12-R082,,,193.05,,,,,76,disrupted
row,V12,V12-R083,,,64.36,,,,,23,regular
row,V12,V12-R084,,,231.60,,,,,86,disrupted
row,V12,V12-R085,,,25.68,,,,,11,regular
row,V12,V12-R086,,,192.63,,,,,83,disrupted
row,V12,V12-R087,,,64.21,,,,,29,regular
row,V12,V12-R088,,,249.64,,,,,103,disrupted
row,V12,V12-R089,,,116.25,,,,,45,disrupted
row,V12,V12-R090,,,128.75,,,,,50,regular
row,V12,V12-R091,,,239.78,,,,,92,disrupted
row,V12,V12-R092,,,250.81,,,,,87,disrupted
row,V12,V12-R093,,,51.63,,,,,13,disrupted
row,V12,V12-R094,,,159.83,,,,,70,disrupted
row,V12,V12-R095,,,226.37,,,,,70,disrupted
row,V12,V12-R096,,,1.82,,,,,0,regular
row,V12,V12-R097,,,36.63,,,,,6,disrupted
row,V12,V12-R098,,,16.13,,,,,1,regular
row,V12,V12-R099,,,64.56,,,,,6,regular
row,V12,V12-R100,,,31.16,,,,,1,regular
row,V13,V13-R001,,,12.39,,,,,3,regular
row,V13,V13-R002,,,17.81,,,,,4,regular
row,V13,V13-R003,,,27.78,,,,,1,regular
row,V14,V14-R001,,,61.90,,,,,3,regular
row,V14,V14-R002,,,11.84,,,,,2,disrupted
row,V14,V14-R003,,,64.10,,,,,13,regular
row,V14,V14-R004,,,68.04,,,,,17,regular
row,V14,V14-R005,,,57.68,,,,,12,disrupted
row,V14,V14-R006,,,3.24,,,,,1,regular
row,V14,V14-R007,,,14.29,,,,,4,regular
row,V14,V14-R008,,,80.53,,,,,13,disrupted
row,V14,V14-R009,,,48.40,,,,,10,disrupted
row,V14,V14-R010,,,85.07,,,,,4,disrupted
row,V14,V14-R011,,,42.49,,,,,2,regular
row,V14,V14-R012,,,119.64,,,,,6,regular
row,V14,V14-R013,,,113.65,,,,,8,regular
row,V14,V14-R014,,,4.25,,,,,2,regular
row,V14,V14-R015,,,43.28,,,,,3,regular
row,V14,V14-R016,,,64.45,,,,,2,regular
row,V14,V14-R017,,,15.02,,,,,3,regular
row,V14,V14-R018,,,19.86,,,,,1,regular
row,V14,V14-R019,,,101.51,,,,,10,regular
row,V14,V14-R020,,,65.13,,,,,8,regular
row,V14,V14-R021,,,64.98,,,,,4,regular
row,V14,V14-R022,,,38.94,,,,,7,disrupted
row,V14,V14-R023,,,36.16,,,,,5,regular
row,V14,V14-R024,,,64.60,,,,,8,regular
row,V14,V14-R025,,,8.06,,,,,2,regular
row,V14,V14-R026,,,51.60,,,,,6,disrupted
row,V14,V14-R027,,,283.92,,,,,92,regular
row,V14,V14-R028,,,333.80,,,,,78,disrupted
row,V14,V14-R029,,,20.24,,,,,1,regular
row,V14,V14-R030,,,328.53,,,,,83,disrupted
row,V14,V14-R031,,,23.11,,,,,3,regular
row,V14,V14-R032,,,318.45,,,,,66,disrupted
row,V14,V14-R033,,,249.50,,,,,82,regular
row,V14,V14-R034,,,64.41,,,,,15,regular
row,V14,V14-R035,,,60.07,,,,,10,regular
row,V14,V14-R036,,,62.12,,,,,17,regular
row,V14,V14-R037,,,64.69,,,,,22,regular
row,V14,V14-R038,,,26.13,,,,,7,regular
row,V14,V14-R039,,,37.93,,,,,2,regular
row,V14,V14-R040,,,125.04,,,,,11,regular
row,V14,V14-R041,,,64.77,,,,,23,disrupted
row,V14,V14-R042,,,46.66,,,,,9,disrupted
row,V14,V14-R043,,,10.28,,,,,1,disrupted
row,V14,V14-R044,,,134.50,,,,,23,disrupted
row,V14,V14-R045,,,46.21,,,,,11,disrupted
row,V14,V14-R046,,,17.17,,,,,2,regular
row,V14,V14-R047,,,4.06,,,,,2,regular
row,V14,V14-R048,,,32.96,,,,,8,disrupted
row,V14,V14-R049,,,109.99,,,,,19,disrupted
row,V14,V14-R050,,,10.70,,,,,4,regular
row,V14,V14-R051,,,33.01,,,,,3,disrupted
row,V14,V14-R052,,,49.97,,,,,7,disrupted
row,V14,V14-R053,,,98.68,,,,,13,disrupted
row,V14,V14-R054,,,44.83,,,,,1,regular
row,V15,V15-R001,,,3.38,,,,,1,regular
row,V15,V15-R002,,,6.02,,,,,2,regular
row,V15,V15-R003,,,19.07,,,,,5,regular
row,V16,V16-R001,,,6.15,,,,,2,regular
row,V16,V16-R002,,,11.84,,,,,2,regular
row,V16,V16-R003,,,21.25,,,,,5,regular
row,V17,V17-R001,,,35.70,,,,,11,disrupted
row,V17,V17-R002,,,28.61,,,,,2,disrupted
row,V17,V17-R003,,,20.91,,,,,4,disrupted
row,V17,V17-R004,,,14.00,,,,,2,disrupted
row,V18,V18-R001,,,9.35,,,,,0,disrupted
row,V18,V18-R002,,,16.54,,,,,0,disrupted
row,V18,V18-R003,,,24.24,,,,,2,disrupted
row,V18,V18-R004,,,27.39,,,,,3,disrupted
row,V18,V18-R005,,,35.57,,,,,8,disrupted
row,V19,V19-R001,,,25.88,,,,,5,regular
row,V19,V19-R002,,,33.66,,,,,3,regular
row,V19,V19-R003,,,49.69,,,,,7,regular
row,V19,V19-R004,,,57.68,,,,,10,regular
row,V20,V20-R001,,,55.78,,,,,11,regular
row,V20,V20-R002,,,62.27,,,,,5,regular
row,V20,V20-R003,,,62.63,,,,,6,regular
row,V20,V20-R004,,,27.39,,,,,1,regular
row,V20,V20-R005,,,35.30,,,,,4,regular
row,V20,V20-R006,,,62.70,,,,,5,regular
row,V20,V20-R007,,,62.78,,,,,11,regular
row,V20,V20-R008,,,14.56,,,,,3,regular
row,V20,V20-R009,,,48.38,,,,,3,regular
row,V20,V20-R010,,,63.26,,,,,4,regular
row,V20,V20-R011,,,1.81,,,,,1,regular
row,V20,V20-R012,,,63.31,,,,,8,regular
row,V21,V21-R001,,,33.09,,,,,6,regular
row,V21,V21-R002,,,18.59,,,,,1,regular
row,V21,V21-R003,,,11.95,,,,,2,regular
row,V22,V22-R001,,,40.72,,,,,2,regular
row,V22,V22-R002,,,58.45,,,,,4,regular
row,V22,V22-R003,,,117.23,,,,,13,regular
row,V22,V22-R004,,,117.19,,,,,20,regular
row,V22,V22-R005,,,117.18,,,,,15,regular
row,V22,V22-R006,,,117.11,,,,,16,regular
row,V22,V22-R007,,,58.61,,,,,6,regular
row,V22,V22-R008,,,42.69,,,,,2,regular
row,V22,V22-R009,,,36.21,,,,,4,regular
row,V22,V22-R010,,,58.56,,,,,1,regular
row,V22,V22-R011,,,25.56,,,,,4,regular
row,V23,V23-R001,,,43.36,,,,,6,disrupted
row,V23,V23-R002,,,42.16,,,,,6,disrupted
row,V23,V23-R003,,,39.94,,,,,5,disrupted
row,V24,V24-R001,,,91.70,,,,,25,regular
row,V24,V24-R002,,,85.68,,,,,22,regular
row,V24,V24-R003,,,79.43,,,,,23,regular
row,V24,V24-R004,,,73.62,,,,,7,regular
row,V24,V24-R005,,,10.34,,,,,2,regular
row,V24,V24-R006,,,62.91,,,,,3,regular
row,V25,V25-R001,,,27.85,,,,,6,regular
row,V25,V25-R002,,,22.27,,,,,5,regular
row,V25,V25-R003,,,16.48,,,,,2,regular
row,V26,V26-R001,,,2.79,,,,,1,regular
row,V26,V26-R002,,,16.94,,,,,2,disrupted
row,V26,V26-R003,,,21.89,,,,,2,disrupted
row,V26,V26-R004,,,39.95,,,,,7,disrupted
row,V26,V26-R005,,,39.16,,,,,5,disrupted
row,V26,V26-R006,,,47.90,,,,,7,disrupted
row,V26,V26-R007,,,51.20,,,,,8,disrupted
row,V26,V26-R008,,,51.20,,,,,8,disrupted
row,V27,V27-R001,,,32.05,,,,,1,regular
row,V27,V27-R002,,,35.18,,,,,1,regular
row,V27,V27-R003,,,37.99,,,,,5,regular
row,V27,V27-R004,,,41.91,,,,,10,regular
row,V27,V27-R005,,,40.09,,,,,11,regular
row,V27,V27-R006,,,46.74,,,,,11,regular
row,V27,V27-R007,,,48.62,,,,,8,regular
row,V28,V28-R001,,,40.05,,,,,4,regular
row,V28,V28-R002,,,43.83,,,,,8,regular
row,V28,V28-R003,,,47.64,,,,,10,regular
row,V28,V28-R004,,,52.83,,,,,11,regular
row,V28,V28-R005,,,58.00,,,,,17,regular
row,V28,V28-R006,,,63.83,,,,,7,regular
row,V28,V28-R007,,,64.49,,,,,11,disrupted
row,V28,V28-R008,,,64.64,,,,,15,regular
row,V28,V28-R009,,,64.55,,,,,5,regular
row,V29,V29-R001,,,52.97,,,,,4,regular
row,V29,V29-R002,,,47.02,,,,,9,regular
row,V29,V29-R003,,,42.39,,,,,9,regular
row,V29,V29-R004,,,36.48,,,,,6,regular
row,V29,V29-R005,,,31.67,,,,,6,regular
row,V29,V29-R006,,,27.61,,,,,12,regular
row,V29,V29-R007,,,23.33,,,,,7,regular
row,V29,V29-R008,,,20.44,,,,,4,regular
row,V29,V29-R009,,,17.28,,,,,7,regular
row,V29,V29-R010,,,11.18,,,,,5,regular
row,V29,V29-R011,,,5.13,,,,,3,regular
row,V30,V30-R001,,,12.45,,,,,5,regular
row,V30,V30-R002,,,18.86,,,,,8,regular
row,V30,V30-R003,,,25.07,,,,,10,regular
row,V30,V30-R004,,,31.13,,,,,12,regular
row,V30,V30-R005,,,37.20,,,,,16,regular
row,V31,V31-R001,,,41.05,,,,,3,regular
row,V31,V31-R002,,,45.00,,,,,9,regular
row,V31,V31-R003,,,52.85,,,,,9,regular
row,V31,V31-R004,,,57.07,,,,,15,regular
row,V31,V31-R005,,,62.93,,,,,10,regular
row,V32,V32-R001,,,27.17,,,,,4,disrupted
row,V32,V32-R002,,,35.13,,,,,6,disrupted
row,V32,V32-R003,,,34.99,,,,,7,disrupted
row,V32,V32-R004,,,20.61,,,,,1,disrupted
row,V32,V32-R005,,,22.27,,,,,3,disrupted
row,V32,V32-R006,,,26.80,,,,,2,disrupted
row,V33,V33-R001,,,2.86,,,,,1,regular
row,V33,V33-R002,,,64.78,,,,,3,regular
row,V33,V33-R003,,,66.76,,,,,3,regular
row,V33,V33-R004,,,12.81,,,,,1,regular
row,V33,V33-R005,,,53.36,,,,,3,regular
row,V33,V33-R006,,,17.72,,,,,1,regular
row,V33,V33-R007,,,48.78,,,,,2,regular
row,V33,V33-R008,,,43.62,,,,,2,regular
row,V34,V34-R001,,,53.69,,,,,15,regular
row,V34,V34-R002,,,46.15,,,,,15,regular
row,V34,V34-R003,,,38.76,,,,,11,disrupted
row,V35,V35-R001,,,45.65,,,,,4,disrupted
row,V35,V35-R002,,,32.82,,,,,7,disrupted
row,V35,V35-R003,,,29.34,,,,,8,disrupted
row,V35,V35-R004,,,21.34,,,,,2,disrupted
row,V35,V35-R005,,,10.68,,,,,3,disrupted
row,V35,V35-R006,,,10.93,,,,,2,disrupted
row,V36,V36-R001,,,5.16,,,,,1,regular
row,V36,V36-R002,,,9.51,,,,,1,regular
row,V36,V36-R003,,,14.15,,,,,1,disrupted
row,V36,V36-R004,,,19.90,,,,,1,disrupted
row,V36,V36-R005,,,19.91,,,,,3,disrupted
row,V36,V36-R006,,,30.97,,,,,4,disrupted
row,V36,V36-R007,,,38.14,,,,,1,disrupted
row,V36,V36-R008,,,45.21,,,,,12,disrupted
row,V36,V36-R009,,,50.06,,,,,11,disrupted
row,V37,V37-R001,,,69.23,,,,,14,regular
row,V37,V37-R002,,,62.37,,,,,13,regular
row,V37,V37-R003,,,57.86,,,,,14,disrupted
row,V38,V38-R001,,,56.66,,,,,14,disrupted
row,V38,V38-R002,,,48.74,,,,,14,disrupted
row,V38,V38-R003,,,38.81,,,,,9,disrupted
row,V38,V38-R004,,,33.42,,,,,9,disrupted
row,V38,V38-R005,,,27.31,,,,,5,regular
row,V38,V38-R006,,,22.26,,,,,5,disrupted
row,V38,V38-R007,,,18.32,,,,,4,disrupted
row,V38,V38-R008,,,12.12,,,,,5,regular
row,V39,V39-R001,,,16.11,,,,,4,regular
row,V39,V39-R002,,,7.71,,,,,3,regular
row,V39,V39-R003,,,2.55,,,,,1,regular
row,V40,V40-R001,,,26.86,,,,,6,regular
row,V40,V40-R002,,,32.81,,,,,10,regular
row,V40,V40-R003,,,38.17,,,,,14,disrupted
row,V40,V40-R004,,,41.98,,,,,15,regular
row,V40,V40-R005,,,48.27,,,,,5,regular
row,V41,V41-R001,,,62.74,,,,,15,regular
row,V41,V41-R002,,,65.19,,,,,18,regular
row,V41,V41-R003,,,65.02,,,,,11,disrupted
row,V42,V42-R001,,,20.98,,,,,8,regular
row,V42,V42-R002,,,31.12,,,,,4,disrupted
row,V42,V42-R003,,,35.39,,,,,8,regular
row,V42,V42-R004,,,43.16,,,,,16,regular
row,V42,V42-R005,,,48.18,,,,,13,regular
row,V42,V42-R006,,,48.00,,,,,8,regular
row,V42,V42-R007,,,59.26,,,,,9,regular
row,V42,V42-R008,,,62.55,,,,,10,regular
row,V42,V42-R009,,,62.54,,,,,10,regular
row,V42,V42-R010,,,11.11,,,,,1,regular
row,V42,V42-R011,,,62.55,,,,,13,regular
row,V42,V42-R012,,,57.91,,,,,13,regular
row,V42,V42-R013,,,55.74,,,,,19,regular
row,V42,V42-R014,,,55.59,,,,,10,regular
row,V42,V42-R015,,,47.28,,,,,9,regular
row,V42,V42-R016,,,42.22,,,,,8,regular
row,V42,V42-R017,,,36.69,,,,,9,regular
row,V42,V42-R018,,,31.77,,,,,9,regular
row,V42,V42-R019,,,26.78,,,,,5,regular
row,V43,V43-R001,,,42.15,,,,,5,disrupted
row,V43,V43-R002,,,48.18,,,,,9,regular
row,V43,V43-R003,,,53.86,,,,,17,regular
row,V43,V43-R004,,,59.76,,,,,16,disrupted
row,V43,V43-R005,,,65.22,,,,,24,regular
row,V43,V43-R006,,,63.47,,,,,20,regular
row,V43,V43-R007,,,61.35,,,,,25,regular
row,V43,V43-R008,,,57.69,,,,,13,regular
row,V43,V43-R009,,,59.17,,,,,12,regular
row,V43,V43-R010,,,54.64,,,,,3,regular
row,V43,V43-R011,,,51.42,,,,,4,regular
row,V44,V44-R001,,,64.97,,,,,10,regular
row,V44,V44-R002,,,53.39,,,,,14,regular
row,V44,V44-R003,,,54.86,,,,,15,regular
row,V44,V44-R004,,,52.09,,,,,18,regular
row,V44,V44-R005,,,37.84,,,,,3,regular
row,V44,V44-R006,,,32.56,,,,,9,disrupted
row,V45,V45-R001,,,21.63,,,,,8,regular
row,V45,V45-R002,,,17.51,,,,,3,regular
row,V45,V45-R003,,,13.49,,,,,6,regular
row,V45,V45-R004,,,7.45,,,,,1,disrupted
row,V45,V45-R005,,,3.43,,,,,1,regular
row,V46,V46-R001,,,55.59,,,,,3,disrupted
row,V46,V46-R002,,,47.30,,,,,6,disrupted
row,V46,V46-R003,,,39.20,,,,,9,disrupted
row,V46,V46-R004,,,34.63,,,,,9,disrupted
row,V47,V47-R001,,,58.02,,,,,5,regular
row,V47,V47-R002,,,60.36,,,,,6,regular
row,V47,V47-R003,,,53.10,,,,,1,regular
row,V47,V47-R004,,,8.80,,,,,1,regular
row,V47,V47-R005,,,12.03,,,,,2,regular
row,V47,V47-R006,,,60.32,,,,,6,regular
row,V47,V47-R007,,,60.80,,,,,11,regular
row,V47,V47-R008,,,36.78,,,,,5,regular
row,V47,V47-R009,,,60.28,,,,,4,regular
row,V47,V47-R010,,,24.37,,,,,10,regular
row,V47,V47-R011,,,60.90,,,,,20,regular
row,V47,V47-R012,,,60.31,,,,,5,regular
row,V47,V47-R013,,,25.29,,,,,2,regular
row,V47,V47-R014,,,58.08,,,,,11,regular
row,V47,V47-R015,,,60.32,,,,,13,disrupted
row,V47,V47-R016,,,60.16,,,,,22,disrupted
row,V47,V47-R017,,,60.22,,,,,19,regular
row,V47,V47-R018,,,60.21,,,,,9,regular
row,V47,V47-R019,,,60.36,,,,,8,regular
row,V47,V47-R020,,,60.37,,,,,4,regular
row,V47,V47-R021,,,60.27,,,,,6,regular
row,V47,V47-R022,,,60.31,,,,,10,regular
row,V48,V48-R001,,,7.75,,,,,3,regular
row,V48,V48-R002,,,13.95,,,,,4,regular
row,V48,V48-R003,,,14.56,,,,,2,regular
row,V48,V48-R004,,,55.49,,,,,9,disrupted
row,V48,V48-R005,,,31.85,,,,,6,disrupted
row,V48,V48-R006,,,62.92,,,,,15,disrupted
row,V48,V48-R007,,,55.74,,,,,13,regular
row,V48,V48-R008,,,48.20,,,,,4,disrupted
row,V48,V48-R009,,,83.57,,,,,18,disrupted
row,V48,V48-R010,,,88.65,,,,,30,regular
row,V48,V48-R011,,,89.59,,,,,24,regular
row,V48,V48-R012,,,52.26,,,,,11,disrupted
row,V48,V48-R013,,,38.22,,,,,1,disrupted
row,V48,V48-R014,,,77.65,,,,,12,regular
row,V48,V48-R015,,,44.08,,,,,10,regular
row,V49,V49-R001,,,22.09,,,,,1,disrupted
row,V49,V49-R002,,,27.45,,,,,5,disrupted
row,V49,V49-R003,,,30.03,,,,,3,disrupted
row,V49,V49-R004,,,35.70,,,,,2,disrupted
row,V50,V50-R001,,,5.98,,,,,1,disrupted
row,V50,V50-R002,,,15.61,,,,,1,disrupted
row,V50,V50-R003,,,17.50,,,,,3,disrupted
row,V50,V50-R004,,,15.67,,,,,3,disrupted
row,V51,V51-R001,,,52.75,,,,,4,regular
row,V51,V51-R002,,,60.07,,,,,17,regular
row,V51,V51-R003,,,61.12,,,,,25,regular
row,V51,V51-R004,,,74.96,,,,,27,regular
row,V51,V51-R005,,,61.54,,,,,17,regular
row,V51,V51-R006,,,56.64,,,,,3,regular
row,V51,V51-R007,,,65.27,,,,,4,regular
row,V52,V52-R001,,,54.79,,,,,4,regular
row,V52,V52-R002,,,48.43,,,,,3,regular
row,V52,V52-R003,,,42.54,,,,,8,regular
row,V53,V53-R001,,,5.02,,,,,2,regular
row,V53,V53-R002,,,11.77,,,,,3,regular
row,V53,V53-R003,,,18.15,,,,,4,regular
row,V54,V54-R001,,,3.65,,,,,1,regular
row,V54,V54-R002,,,121.36,,,,,18,regular
row,V54,V54-R003,,,118.49,,,,,16,regular
row,V54,V54-R004,,,115.76,,,,,27,regular
row,V54,V54-R005,,,113.11,,,,,23,regular
row,V54,V54-R006,,,110.24,,,,,19,regular
row,V54,V54-R007,,,107.74,,,,,25,disrupted
row,V54,V54-R008,,,103.80,,,,,30,disrupted
row,V54,V54-R009,,,33.16,,,,,5,regular
row,V54,V54-R010,,,65.23,,,,,24,regular
row,V54,V54-R011,,,85.36,,,,,37,regular
row,V54,V54-R012,,,81.07,,,,,30,regular
row,V54,V54-R013,,,80.92,,,,,35,regular
row,V54,V54-R014,,,75.03,,,,,33,regular
row,V54,V54-R015,,,78.43,,,,,33,regular
row,V54,V54-R016,,,83.92,,,,,29,regular
row,V54,V54-R017,,,83.85,,,,,29,regular
row,V54,V54-R018,,,12.32,,,,,4,regular
row,V54,V54-R019,,,52.64,,,,,18,regular
row,V54,V54-R020,,,24.68,,,,,10,regular
row,V54,V54-R021,,,64.11,,,,,21,regular
row,V54,V54-R022,,,27.78,,,,,5,regular
row,V54,V54-R023,,,16.47,,,,,8,regular
row,V54,V54-R024,,,61.49,,,,,18,regular
row,V54,V54-R025,,,11.65,,,,,4,regular
row,V54,V54-R026,,,23.64,,,,,9,regular
row,V54,V54-R027,,,35.55,,,,,11,regular
row,V54,V54-R028,,,24.55,,,,,5,regular
row,V54,V54-R029,,,25.73,,,,,4,regular
row,V54,V54-R030,,,36.37,,,,,6,regular
row,V54,V54-R031,,,21.34,,,,,5,regular
row,V54,V54-R032,,,12.54,,,,,1,regular
