tile_id,vines,confidence,polygon_px,angle_deg,spacing_m,kind,note
siret3_r009_c005,yes,high,0 0;1200 0;1000 330;560 540;300 720;0 900,112,2.8,grassy_rows,[siret3_r009_c005#0] young vines + stakes on grassy rows N of road; continues rows of r008_c004/r008_c005/r009_c004
siret3_r013_c003,yes,high,330 470;900 540;1450 790;2048 1070;2048 1790;1180 1290;600 1050;330 640,152,2.25,young_bare_soil,[siret3_r013_c003#0] pruned vines with fresh shoots on bare soil + trellis posts (some fallen); ~7 rows; FFT 150-153 deg 2.2-2.3 m
siret3_r013_c004,yes,high,0 1140;560 1505;1110 1740;1330 1880;1380 2048;380 2048;0 1830,152,2.35,young_bare_soil,[siret3_r013_c004#0] SW block: young vines + white stakes on tilled soil; continues into r013_c003/r014_c004 (no model rows there)
siret3_r013_c004,yes,medium,0 0;950 0;950 380;700 390;330 290;0 190,152,2.35,grassy_rows,"[siret3_r013_c004#1] NW band: vines + stakes in grassy rows, continuation of r012_c004 block (model rows there look perpendicular)"
siret3_r013_c009,yes,high,70 420;1680 0;2048 0;2048 560;140 980,14,2.1,mature,[siret3_r013_c009#0] [polygon cut to the leafy NW parcel strip: bare stump band and tree excluded] whole-tile vineyard: trellis stakes + leafy vines (NW) and sparse vines/stumps on bare soil (centre); continues north into r012_c009; big tree at x1450-1950 y1000-1400 inside
siret3_r014_c004,yes,high,0 0;1390 0;1420 430;1200 680;1200 1000;1460 1150;1080 2048;0 845,151,2.24,young_bare_soil,"[siret3_r014_c004#0] large young vineyard with stakes on tilled soil, tractor in block; all neighbours empty too - whole block missed; excludes road/trees on E and nodata SW"
siret3_r015_c011,yes,medium,1640 560;1990 280;2048 280;2048 850;1850 850;1700 700,38,2.0,garden,[siret3_r015_c011#0] garden vineyard: >=4 rows of young vines with stakes + white tubes (right of shed); FFT 40 deg 1.9 m
siret3_r021_c015,yes,high,0 420;350 870;345 905;120 960;0 1000,127,2.6,young_bare_soil,[siret3_r021_c015#0] W edge: 3-4 rows of young vines with stakes (ends of block in r021_c014); S part is a young orchard (not vines)
siret3_r023_c015,yes,medium,0 0;200 0;860 860;200 1040;0 1080,127,,young_bare_soil,[siret3_r023_c015#x] [todo complete_partial_block] upper-left block: vine rows on tilled soil at the AGCC strip axis (127/2.5); few rows mapped
siret3_r029_c019,yes,high,0 1866;530 1430;760 1640;280 2048;0 2048,40,2.7,mature,[siret3_r029_c019#0] SW corner: 3-row strip of pruned vines with stakes on bare sandy soil; continues into r030_c019/r029_c018; big field to NE has only scattered weed clumps (not vines)
siret3_r029_c020,yes,medium,1640 980;2048 960;2048 1600;1650 1060,125,3.0,young_bare_soil,[siret3_r029_c020#0] 3 rows of young vines on tilled strips in SE part; continue V24-R001..R003 of r029_c021 (125 deg); top-centre green lines are vegetable rows (not vines); rest ploughed field
siret3_r030_c016,yes,high,800 1040;1170 460;1620 95;2048 282;2048 1229;1434 1664;1280 1638;1050 1280,52,2.5,young_bare_soil,"[siret3_r030_c016#0] ~12 rows of young vines on sandy tilled soil, very clear; no model rows here or in neighbours"
siret3_r030_c017,yes,high,789 923;1178 1210;490 2048;0 2048;0 1840,47.5,2.25,young_bare_soil,[siret3_r030_c017#0] sandy strip of vines with stakes (continues SW into r031_c016/r031_c017)
siret3_r030_c018,yes,high,256 1434;1843 0;2048 0;2048 333;538 1741,43,2.9,young_bare_soil,[siret3_r030_c018#0] narrow NE-running block: 3-4 rows of young vines with stakes on tilled strip between scrub; FFT lines align with rows
siret3_r030_c019,yes,high,1230 2048;1640 1590;2048 1130;2048 2048,50,2.5,young_bare_soil,[siret3_r030_c019#0] young vines + trellis posts in SE corner; first row = NW edge of block; no neighbour rows drawn so block likely missed in neighbours too
siret3_r030_c020,yes,medium,0 1150;130 1150;260 1330;230 1480;120 1650;40 1900;0 1950,47,2.5,young_bare_soil,[siret3_r030_c020#0] SW edge: young vines + stakes on sandy soil (block continues into r030_c019/r031_c019); weedy area to the E has stakes but rows unclear - excluded
siret3_r031_c017,yes,high,784 1370;1182 839;1846 80;2048 60;2048 461;1075 1536;973 1690;768 1560,50,2.5,young_bare_soil,"[siret3_r031_c017#0] diagonal sandy strip ~16 m wide with young vines + stakes, rows parallel to the strip; next to r030_c016 block"
siret3_r031_c019,yes,high,1180 0;1900 0;800 1300;400 1030,50,2.5,young_bare_soil,[siret3_r031_c019#0] bare sandy rows with stakes + young vines in NW half (continues into r030_c019/r030_c020)
siret3_r032_c020,yes,high,0 1330;300 1240;520 1330;650 1520;780 1650;950 1850;950 2048;0 2048,51,2.67,young_bare_soil,[siret3_r032_c020#0] young vines with stakes on tilled soil in SW corner; continues V33 rows of r033_c020/r033_c019 (45-50 deg) that end on this tile's S edge
siret3_r032_c022,yes,high,0 1000;330 790;1230 1630;1440 1800;1430 2048;0 2048,52,3.0,young_bare_soil,[siret3_r032_c022#0] young vines + trellis posts; A-anchored end posts along NE headland (perpendicular to rows); FFT 52 deg 3.1 m
siret3_r033_c021,yes,high,1075 0;2048 0;2048 1331;1792 1203;1536 998;1280 768;1075 589;1024 307,52,2.9,young_bare_soil,"[siret3_r033_c021#0] NE: young vines with stakes on sandy soil, many rows; no model rows here"
siret3_r034_c019,yes,high,1063 1010;1304 1000;1587 1304;1797 1524;2048 1765;2048 2048;1922 1996;1461 1419,135,2.3,young_bare_soil,[siret3_r034_c019#0] 2-3 vine rows with shoots + posts on bare strip along nodata edge; FFT 132-135 deg; same block as r035_c020 top-left
siret3_r034_c021,yes,high,1527 2048;1790 1720;2048 1400;2048 2048,51.5,3.0,mature,[siret3_r034_c021#0] SE corner: 4-5 rows of vines with stakes on bare soil; block continues into r034_c022/r035_c021/r035_c022 (also missed there); rest is meadow with trees
siret3_r035_c020,yes,high,0 0;300 0;560 200;470 340;300 400;115 273;150 210;0 88,146,2.37,young_bare_soil,[siret3_r035_c020#0] 4 vine rows on trellis (wires + posts) in NW corner; overlay 146 deg fits
siret3_r035_c021,yes,high,614 1101;1434 0;2048 0;2048 102;1510 768;1024 1318;768 1306,51,3.05,young_bare_soil,[siret3_r035_c021#0] central strip: 5 rows of young vines with stakes on tilled soil
siret3_r035_c021,yes,medium,1434 1638;2048 870;2048 1330;1690 1792;1485 1792,50,,young_bare_soil,"[siret3_r035_c021#1] SE strip: young vines + stakes on tilled soil, same direction as central strip"
siret3_r035_c026,yes,medium,0 960;110 920;800 1580;1150 2048;0 2048,56,,young_bare_soil,[siret3_r035_c026#x] [todo complete_partial_block] bottom-left block with A-frame end posts; AGCC parcel axis 56
siret3_r036_c022,yes,high,384 256;614 0;1050 0;998 154;742 499;640 512;384 282,53,2.6,young_bare_soil,[siret3_r036_c022#0] N: 4-5 short rows of young vines + stakes (end of r035_c021/r035_c022 strip)
siret3_r036_c023,yes,high,1100 2048;1480 1260;1830 800;2048 520;2048 2048,58,2.7,young_bare_soil,[siret3_r036_c023#0] SE half: tilled vineyard with stakes + young vines (continues into r036_c024/r037_c023/r037_c024); NW is meadow with shrubs
siret3_r036_c024,yes,medium,0 640;250 330;1030 380;1050 760;560 2048;0 2048,58,,young_bare_soil,[siret3_r036_c024#x] [todo complete_partial_block] left half of the young-vine block (posts + young vines on tilled soil); AGCC strip axis 58/4.0
siret3_r037_c022,yes,high,40 760;404 1050;876 1482;1380 2048;1011 2048;647 1562;256 1104;40 800,141,2.3,young_bare_soil,[siret3_r037_c022#0] 2-3 vine rows with shoots + posts on bare strip along nodata edge; overlay 141 deg fits
siret3_r037_c026,yes,high,333 602;742 0;1357 0;691 1011;512 845,50,2.2,grassy_rows,"[siret3_r037_c026#0] N: ~8 vine rows with stakes and grassy inter-rows, cut by mosaic edge"
siret3_r038_c025,yes,medium,0 0;1180 0;940 400;760 840;260 1220;0 1240,55,,mature,[siret3_r038_c025#x] [todo complete_partial_block] dense leafy vine rows NW of the mosaic edge (1 row mapped); AGCC strip axis 55/5.2
siret3_r011_c001,yes,high,420 0;1010 0;1010 140;760 420;460 420,123.3,3.04,manual_review,"[siret3_r011_c001#m0] Tile r010_c001 directly above ends with 11 annotated V02 rows reaching its bottom edge (y=2048) at x≈430-1860 (row_ids R040-R051 minus a gap), i.e. they should continue straight  [angle/spacing from the neighbouring annotated rows: 123.3 / 3.04 m, was 116.1 / 2.95]"
siret3_r011_c003,yes,high,1900 1600;2048 1600;2048 2048;1600 2048;1830 1750,67.2,2.75,manual_review,"[siret3_r011_c003#m1] SE corner, east of the diagonal dirt road: clear young vines on tilled soil with visible white end-posts/stakes, about 4 rows visible, running toward and across the tile edge int"
siret3_r012_c005,yes,medium,380 230;380 700;600 950;950 950;1090 700;1090 429;713 865;677 870;645 851;634 826;635 805;660 764;635 768;610 759;592 739;586 713;598 678;972 230,49.4,2.75,manual_review,[siret3_r012_c005#m3] Small home-garden plot with at least 3 parallel rows of dense staked plants; individual white leaning stakes per row match the rule's 'young vines often have white tubes/stakes'. [clipped by verification]
siret3_r012_c009,yes,medium,260 0;900 0;900 260;260 260,2.9,1.62,manual_review,"[siret3_r012_c009#m4] Backyard garden vineyard behind the red-roofed house: small individual plants with gnarled trunks/stake shadows and fresh green shoot tufts, in 3 visible parallel rows; rows and "
siret3_r013_c009,yes,high,872 850;885 869;887 896;877 921;861 935;650 990;650 1145;698 1134;729 1142;753 1170;752 1209;2048 883;2048 620,14.3,1.95,manual_review,[siret3_r013_c009#m5] Same V05 vineyard block (already annotated with 8 rows in the upper part of the tile) clearly continues south across essentially the whole lower half of the tile: sparse dead/dor [clipped by verification]
siret3_r018_c010,yes,high,230 1920;700 1800;1300 1660;2048 1500;2048 2048;230 2048,127.2,2.73,manual_review,"[siret3_r018_c010#m6] 4 additional young-vine rows (visible white stakes/tubes, same spacing and orientation as annotated V10-R062..R064) continue west of the annotated block edge, in the same tilled  [angle/spacing from the neighbouring annotated rows: 127.2 / 2.73 m, was 118.4 / 2.4]"
siret3_r021_c016,yes,high,480 0;1330 0;1420 320;1250 620;850 520;600 420;480 150,45.0,3.0,manual_review,"[siret3_r021_c016#m7] A garden vineyard: 7 parallel diagonal rows of individually-spaced young leafy plants with white stakes, on dark tilled soil, clearly distinct from the continuous dense hedge-lik"
siret3_r023_c012,yes,medium,2048 320;2048 0;1562 0;1774 261;1786 300,132.0,2.62,manual_review,"[siret3_r023_c012#m8] Block V10's rows (confirmed in tile r022_c012, e.g. V10-R072/R074/R075 which reach that tile's bottom edge at x=1965/1840/1700) continue straight into this tile's NE corner: same [clipped by verification]"
siret3_r023_c015,yes,high,1560 2048;1560 950;850 950;850 1006;879 1012;899 1029;1475 1840;1485 1870;1474 1905;1448 1924;1416 1925;1389 1908;850 1149;850 1202;875 1208;895 1226;1149 1591;1159 1621;1150 1652;1126 1673;1099 1677;1070 1665;850 1353;850 2048,128.3,2.75,manual_review,[siret3_r023_c015#m9] This tile holds two blocks. The left one (V10) is fully and correctly annotated (6 rows). The right one (V12) is only partly drawn: just a couple of short pieces (V12-R011/R019/R [clipped by verification]
siret3_r025_c019,yes,high,1550 0;2048 0;2048 420;1420 340,108.7,3.25,manual_review,"[siret3_r025_c019#m10] Village-plot vineyard in the NE corner of the tile: full-res crop (x1400-2048,y0-420) shows 5 clear leafy grapevine rows on bare sandy soil, continuous dense green canopy along "
siret3_r034_c025,yes,high,1400 1670;1950 1380;2048 1400;2048 2048;1750 2048;1420 1660,47.7,2.62,manual_review,"[siret3_r034_c025#m14] SW-corner headland of the field: clear young vines with distinctive dark A-frame end-anchor posts lined up along the headland edge, ~5 rows visible entering the tile corner, ang"
siret3_r034_c026,yes,high,600 400;950 1000;900 1700;550 2048;0 2048;0 1000,123.9,2.38,manual_review,"[siret3_r034_c026#m15] W half of tile: young grapevine plants (each <1m, spaced ~1-1.5m along the row) each with an individual stake/end-brace, planted in parallel diagonal rows ~2.3-2.5m apart on bar"
siret3_r036_c025,yes,high,0 0;810 0;0 1297,53.9,2.5,manual_review,"[siret3_r036_c025#m17] Same pattern as the neighbouring tile r036_c024: the upper-left corner (young V40 vines, visible as yellow-green foliage lines with white stake tips) has roughly 4-5 more parall"
siret3_r036_c027,yes,high,410 545;770 500;790 650;750 800;680 950;500 995,9.6,3.25,manual_review,"[siret3_r036_c027#m18] 4 rows of young grapevines on tilled soil, each marked by a triangular A-frame end-anchor post with small green shoots extending toward the nodata edge; confirmed at full resolu"
siret3_r038_c024,yes,high,1600 0;2048 0;2048 650;1950 780;1800 830;1650 720;1600 300,56.7,2.36,manual_review,"[siret3_r038_c024#m19] Small vine patch in the tile's top-right corner, across the farm track/hedge from the mapped V44 block - 3 clearly visible rows with plants and shadow lines, currently zero row/ [angle/spacing from the neighbouring annotated rows: 56.7 / 2.36 m, was 81.9 / 3.0]"
siret3_r010_c002,yes,medium,1217 76;1281 24;1319 67;1378 73;1447 0;1955 785;1769 921,123.0,2.82,cadastre_auto,"[siret3_r010_c002#c0] parcel 80371110020: 10 rows, gap 139 m2"
siret3_r010_c002,yes,medium,832 1450;0 171;2 43;87 80;152 13;208 75;278 72;1094 1334,123.2,3.07,cadastre_auto,"[siret3_r010_c002#c1] parcel 80371110021: 9 rows, gap 281 m2"
siret3_r009_c000,yes,medium,520 1496;470 1540;470 1600;761 2048;550 2048;272 1619;504 1470,123.3,2.91,cadastre_auto,"[siret3_r009_c000#c2] parcel 80371110023: 7 rows, gap 66 m2"
siret3_r010_c000,yes,medium,1524 1165;1581 1200;1649 1172;1666 1107;1612 1014;1665 983;2048 1562;2048 2048;1876 2048;550 0;761 0,123.3,2.91,cadastre_auto,"[siret3_r010_c000#c3] parcel 80371110023: 7 rows, gap 385 m2"
siret3_r011_c001,yes,medium,335 0;416 77;494 46;565 78;629 31;702 78;774 32;847 78;918 33;997 78;1050 50;1068 0;1211 221;388 865;0 266;0 0,123.3,2.91,cadastre_auto,"[siret3_r011_c001#c4] parcel 80371110023: 7 rows, gap 382 m2"
siret3_r008_c000,yes,medium,1188 2048;1080 1968;1010 2009;940 1968;869 2012;798 1968;730 2005;664 1968;595 2007;520 1968;466 1996;447 2048;0 2048;0 214,123.2,2.99,cadastre_auto,"[siret3_r008_c000#c5] parcel 80371110037: 8 rows, gap 655 m2"
siret3_r009_c000,yes,medium,447 6;663 359;597 375;567 434;497 443;462 501;571 701;512 730;494 788;636 1022;600 1045;0 119;0 0,123.2,2.99,cadastre_auto,"[siret3_r009_c000#c6] parcel 80371110037: 8 rows, gap 182 m2"
siret3_r008_c000,yes,medium,2047 1418;1971 1476;2006 1581;1967 1650;2048 1797;2048 2048;1886 2048;1800 1968;1721 2007;1635 1969;1579 2011;1515 1967;1434 2012;1369 1968;1294 2002;1245 1969;1190 1977;0 140;0 0;1173 0;2048 1350,123.4,3.04,cadastre_auto,"[siret3_r008_c000#c7] parcel 80371110038: 7 rows, gap 1479 m2"
siret3_r007_c001,yes,medium,437 2048;0 2048;0 1374,123.1,2.97,cadastre_auto,"[siret3_r007_c001#c8] parcel 80371110039: 3 rows, gap 92 m2"
siret3_r008_c000,yes,medium,1221 0;2048 0;2048 1277,123.1,2.97,cadastre_auto,"[siret3_r008_c000#c9] parcel 80371110039: 3 rows, gap 330 m2"
siret3_r008_c001,yes,medium,1131 1075;1111 1154;1184 1273;1114 1318;834 904;770 882;708 923;708 998;986 1413;937 1450;465 722;404 692;348 714;332 808;809 1546;381 1865;0 1277;0 0;437 0,123.1,2.97,cadastre_auto,"[siret3_r008_c001#c10] parcel 80371110039: 3 rows, gap 741 m2"
siret3_r007_c001,yes,medium,1125 2000;987 1967;919 2021;839 1967;765 2017;687 1967;614 2015;538 1967;464 2016;0 1300;0 0;421 0;1748 2048;1160 2048,124.4,3.05,cadastre_auto,"[siret3_r007_c001#c11] parcel 80371110040: 5 rows, gap 1251 m2"
siret3_r008_c001,yes,medium,1820 904;1160 0;1748 0;2048 463;2048 773,124.4,3.05,cadastre_auto,"[siret3_r008_c001#c12] parcel 80371110040: 5 rows, gap 262 m2"
siret3_r007_c001,yes,medium,2048 482;2048 2024;2043 2048;1795 2048;469 0;1850 0,112.5,2.24,cadastre_auto,"[siret3_r007_c001#c13] parcel 80371110041: 8 rows, gap 1142 m2"
siret3_r007_c002,yes,medium,1 652;551 1983;458 1991;424 2048;320 2048;256 1983;111 2007;47 1984;0 2024,112.5,2.24,cadastre_auto,"[siret3_r007_c002#c14] parcel 80371110041: 8 rows, gap 238 m2"
siret3_r006_c002,yes,medium,0 1777;0 995;438 2048;127 2048,112.5,2.75,cadastre_auto,"[siret3_r006_c002#c15] parcel 80371110180: 4 rows, gap 133 m2"
siret3_r006_c002,yes,medium,706 1642;652 1670;637 1722;728 1934;675 1967;668 2028;481 2048;0 891;0 125;60 89,112.4,2.56,cadastre_auto,"[siret3_r006_c002#c16] parcel 80371110181: 4 rows, gap 368 m2"
siret3_r006_c002,yes,medium,1090 1536;974 1610;960 1677;890 1706;834 1663;770 1686;94 67;204 0;446 0,113.0,2.59,cadastre_auto,"[siret3_r006_c002#c17] parcel 80371110182: 5 rows, gap 387 m2"
siret3_r006_c002,yes,medium,1486 1417;1156 1574;490 0;883 0,113.2,2.52,cadastre_auto,"[siret3_r006_c002#c18] parcel 80371110183: 5 rows, gap 369 m2"
siret3_r006_c002,yes,medium,1842 1209;1619 1359;1555 1365;1526 1407;927 0;1334 0,112.8,2.43,cadastre_auto,"[siret3_r006_c002#c19] parcel 80371110184: 6 rows, gap 330 m2"
siret3_r007_c003,yes,medium,63 157;22 118;0 5;52 0;112 67;173 52;645 1170;504 1228,112.8,2.43,cadastre_auto,"[siret3_r007_c003#c20] parcel 80371110184: 6 rows, gap 117 m2"
siret3_r006_c002,yes,medium,2048 673;2048 1059;1947 1155;1874 1175;1378 0;1760 0,112.9,2.49,cadastre_auto,"[siret3_r006_c002#c21] parcel 80371110185: 4 rows, gap 245 m2"
siret3_r006_c003,yes,medium,487 777;402 773;173 977;0 571;0 0;155 0,112.6,2.55,cadastre_auto,"[siret3_r006_c003#c22] parcel 80371110186: 6 rows, gap 169 m2"
siret3_r006_c003,yes,medium,752 374;710 453;637 497;658 601;504 714;199 0;592 0,112.5,2.56,cadastre_auto,"[siret3_r006_c003#c23] parcel 80371110187: 4 rows, gap 138 m2"
siret3_r005_c004,yes,medium,533 1604;400 1357;317 1371;313 1471;251 1498;154 1291;95 1277;30 1319;0 1251;0 484;41 467,112.7,2.55,cadastre_auto,"[siret3_r005_c004#c24] parcel 80371110192: 5 rows, gap 133 m2"
siret3_r005_c004,yes,medium,985 1103;967 1167;1034 1331;971 1356;929 1270;872 1250;739 1351;811 1581;281 368;607 233,112.9,2.52,cadastre_auto,"[siret3_r005_c004#c25] parcel 80371110194: 4 rows, gap 238 m2"
siret3_r005_c004,yes,medium,1343 908;1283 877;1221 915;1136 903;1100 972;1030 998;1019 1066;644 218;977 82,113.0,2.57,cadastre_auto,"[siret3_r005_c004#c26] parcel 80371110195: 4 rows, gap 194 m2"
siret3_r005_c004,yes,medium,1718 763;1631 566;1559 536;1435 606;1425 658;1469 768;1417 793;1401 845;1360 847;1014 67;1177 0;1388 0,112.6,2.47,cadastre_auto,"[siret3_r005_c004#c27] parcel 80371110196: 5 rows, gap 162 m2"
siret3_r005_c004,yes,medium,2048 248;1978 156;1911 178;1859 118;1794 131;1769 185;1801 275;1735 336;1765 435;1648 490;1432 0;2048 0,112.3,2.47,cadastre_auto,"[siret3_r005_c004#c28] parcel 80371110197: 5 rows, gap 96 m2"
siret3_r007_c004,yes,medium,1234 331;1940 2048;1867 1982;1770 1986;1730 2034;1074 393,112.3,2.33,cadastre_auto,"[siret3_r007_c004#c29] parcel 80371110213: 7 rows, gap 199 m2"
siret3_r013_c003,yes,medium,2039 1;1982 82;2048 155;2048 1030;1075 547;1003 564;806 463;758 478;734 526;553 431;504 441;475 488;427 462;685 0,152.0,2.29,cadastre_auto,"[siret3_r013_c003#c30] parcel 80371130098: 11 rows, gap 639 m2"
siret3_r013_c004,yes,medium,451 389;513 389;547 331;783 451;838 437;861 388;983 417;1299 1835;42 1154;62 1082;0 1030;0 155,152.0,2.29,cadastre_auto,"[siret3_r013_c004#c31] parcel 80371130098: 11 rows, gap 770 m2"
siret3_r011_c007,yes,medium,627 1942;1025 668;1010 595;1429 0;1988 0,72.7,2.91,cadastre_auto,"[siret3_r011_c007#c32] parcel 80371130298: 3 rows, gap 429 m2"
siret3_r012_c006,yes,medium,1971 901;1595 625;2048 0;2048 790,72.7,2.91,cadastre_auto,"[siret3_r012_c006#c33] parcel 80371130298: 3 rows, gap 132 m2"
siret3_r012_c007,yes,medium,194 7;256 77;331 51;405 77;451 49;499 77;0 790;0 0,72.7,2.91,cadastre_auto,"[siret3_r012_c007#c34] parcel 80371130298: 3 rows, gap 124 m2"
siret3_r011_c006,yes,medium,1986 2048;1553 2048;2048 1345;2048 1960,72.7,2.91,cadastre_auto,"[siret3_r011_c006#c35] parcel 80371130299: 3 rows, gap 107 m2"
siret3_r011_c007,yes,medium,439 1241;454 1315;0 1960;0 1345;726 315,72.7,2.91,cadastre_auto,"[siret3_r011_c007#c36] parcel 80371130299: 3 rows, gap 216 m2"
siret3_r012_c006,yes,medium,1562 601;1277 392;1553 0;1986 0,72.7,2.91,cadastre_auto,"[siret3_r012_c006#c37] parcel 80371130299: 3 rows, gap 134 m2"
siret3_r011_c005,yes,medium,851 975;1353 1345;1110 2048;479 2048,49.6,2.80,cadastre_auto,"[siret3_r011_c005#c38] parcel 80371130333: 4 rows, gap 350 m2"
siret3_r012_c005,yes,medium,320 469;363 496;315 604;383 659;345 769;416 853;487 861;1019 232;952 155;882 184;814 163;762 199;680 155;615 203;531 155;368 319;479 0;1110 0;400 2048;0 2048;0 1381,49.6,2.80,cadastre_auto,"[siret3_r012_c005#c39] parcel 80371130333: 4 rows, gap 587 m2"
siret3_r013_c004,yes,medium,1645 495;1817 0;2048 0;2048 785,49.6,2.80,cadastre_auto,"[siret3_r013_c004#c40] parcel 80371130333: 4 rows, gap 134 m2"
siret3_r013_c005,yes,medium,103 859;0 785;0 0;400 0,49.6,2.80,cadastre_auto,"[siret3_r013_c005#c41] parcel 80371130333: 4 rows, gap 133 m2"
siret3_r013_c003,yes,medium,1944 2048;0 2048;0 1166;90 1006,151.1,2.25,cadastre_auto,"[siret3_r013_c003#c42] parcel 80371130386: 13 rows, gap 658 m2"
siret3_r014_c004,yes,medium,96 113;62 169;86 220;64 282;96 326;64 388;97 439;572 700;633 689;657 638;907 776;977 756;969 664;543 426;566 377;1532 920;1546 1054;1486 1160;1105 944;1020 978;1019 1028;1057 1065;1019 1118;1047 1178;1317 1322;1375 1305;1394 1251;1428 1263;1351 1398;1094 1261;1040 1274;1016 1319;400 978;420 929;681 1074;736 1073;771 1003;700 937;718 879;685 834;477 724;402 770;150 632;71 668;101 751;67 796;67 909;113 967;101 1043;369 1208;353 1286;447 1352;407 1399;429 1462;907 1728;976 1708;984 1637;736 1486;773 1437;1194 1676;1066 1901;0 1304;0 59,151.1,2.25,cadastre_auto,"[siret3_r014_c004#c43] parcel 80371130386: 13 rows, gap 480 m2"
siret3_r018_c011,yes,medium,524 1972;464 2016;395 1972;321 2022;255 1972;183 2002;0 1760;0 1501;148 1454,127.3,2.81,cadastre_auto,"[siret3_r018_c011#c44] parcel 80371140011: 43 rows, gap 101 m2"
siret3_r018_c013,yes,medium,591 1983;557 2029;477 1970;407 2012;324 1970;269 2009;28 1695;76 1619;7 1510;58 1484;76 1428;7 1319;54 1297,127.3,2.81,cadastre_auto,"[siret3_r018_c013#c45] parcel 80371140011: 43 rows, gap 104 m2"
siret3_r019_c010,yes,medium,957 2044;222 1079;218 921;1080 2048,127.3,2.63,cadastre_auto,"[siret3_r019_c010#c46] parcel 80371140013: 6 rows, gap 77 m2"
siret3_r020_c010,yes,medium,647 0;757 72;818 32;896 72;957 0;1080 0;1852 1008;1848 1089;2048 1358;2048 1459;1999 1478;1975 1528;2048 1653;2048 1831,127.3,2.63,cadastre_auto,"[siret3_r020_c010#c47] parcel 80371140013: 6 rows, gap 395 m2"
siret3_r021_c011,yes,medium,296 1;311 44;1098 1069;1008 1099;166 0,127.3,2.63,cadastre_auto,"[siret3_r021_c011#c48] parcel 80371140013: 6 rows, gap 76 m2"
siret3_r020_c014,yes,medium,673 422;946 710;2019 2048;1978 2048;1881 1965;1795 2015;254 0;362 0,127.2,3.17,cadastre_auto,"[siret3_r020_c014#c49] parcel 80371140024: 3 rows, gap 189 m2"
siret3_r022_c015,yes,medium,2044 2027;1895 2048;1471 1498;1681 1346;2048 1826,127.4,2.84,cadastre_auto,"[siret3_r022_c015#c50] parcel 80371140026: 5 rows, gap 114 m2"
siret3_r021_c014,yes,medium,1373 1972;1409 1888;1486 1888;1689 1719;1942 2048;1431 2048,127.6,2.68,cadastre_auto,"[siret3_r021_c014#c51] parcel 80371140027: 6 rows, gap 66 m2"
siret3_r022_c014,yes,medium,1431 0;1942 0;2048 137;2048 806,127.6,2.68,cadastre_auto,"[siret3_r022_c014#c52] parcel 80371140027: 6 rows, gap 151 m2"
siret3_r022_c015,yes,medium,0 806;0 137;1493 2048;950 2048,127.6,2.68,cadastre_auto,"[siret3_r022_c015#c53] parcel 80371140027: 6 rows, gap 523 m2"
siret3_r023_c015,yes,medium,950 0;1493 0;1584 74;1654 28;1994 472;1449 652,127.6,2.68,cadastre_auto,"[siret3_r023_c015#c54] parcel 80371140027: 6 rows, gap 236 m2"
siret3_r022_c014,yes,medium,845 45;928 69;983 0;1051 69;1137 37;1206 72;1273 0;1381 0;2048 872;2048 1761;701 0;810 0,127.4,2.63,cadastre_auto,"[siret3_r022_c014#c55] parcel 80371140028: 4 rows, gap 547 m2"
siret3_r022_c015,yes,medium,900 2048;220 2048;0 1761;0 872,127.4,2.63,cadastre_auto,"[siret3_r022_c015#c56] parcel 80371140028: 4 rows, gap 311 m2"
siret3_r023_c015,yes,medium,1409 666;867 845;220 0;900 0,127.4,2.63,cadastre_auto,"[siret3_r023_c015#c57] parcel 80371140028: 4 rows, gap 321 m2"
siret3_r023_c015,yes,medium,1496 1647;1562 1680;1626 1644;1634 1577;1564 1471;1625 1436;2044 1977;1975 2027;1931 1980;1872 1972;1800 2048;1038 1055;1071 1044,127.2,2.92,cadastre_auto,"[siret3_r023_c015#c58] parcel 80371140043: 9 rows, gap 86 m2"
siret3_r023_c016,yes,medium,1737 1890;1817 1923;1883 1868;2021 2048;1753 2048;606 533;690 507,127.2,3.21,cadastre_auto,"[siret3_r023_c016#c59] parcel 80371140045: 6 rows, gap 114 m2"
siret3_r024_c017,yes,medium,1239 1652;1026 1717;0 375;0 35,127.2,3.21,cadastre_auto,"[siret3_r024_c017#c60] parcel 80371140045: 6 rows, gap 242 m2"
siret3_r025_c017,yes,medium,1980 2042;1963 1998;478 98;790 0;1330 0;2048 923;2048 2048,127.4,3.06,cadastre_auto,"[siret3_r025_c017#c61] parcel 80371140048: 3 rows, gap 865 m2"
siret3_r025_c018,yes,medium,876 2048;0 2048;0 923;539 1615,127.4,3.06,cadastre_auto,"[siret3_r025_c018#c62] parcel 80371140048: 3 rows, gap 308 m2"
siret3_r026_c018,yes,medium,1617 952;838 1187;0 123;0 0;876 0,127.4,3.06,cadastre_auto,"[siret3_r026_c018#c63] parcel 80371140048: 3 rows, gap 643 m2"
siret3_r026_c017,yes,medium,961 73;1010 12;2048 1342;2048 1441;2027 1447,127.8,2.90,cadastre_auto,"[siret3_r026_c017#c64] parcel 80371140049: 6 rows, gap 85 m2"
siret3_r025_c016,yes,medium,703 676;1605 387;2048 956;2048 1414;1991 1436;1963 1495;2048 1640;2048 2048;1774 2048,128.3,3.25,cadastre_auto,"[siret3_r025_c016#c65] parcel 80371140050: 4 rows, gap 770 m2"
siret3_r025_c017,yes,medium,850 2048;705 2048;417 1663;331 1649;278 1727;63 1441;0 1414;0 956,128.3,3.25,cadastre_auto,"[siret3_r025_c017#c66] parcel 80371140050: 4 rows, gap 135 m2"
siret3_r026_c017,yes,medium,1659 1584;1072 849;1012 823;953 846;276 0;409 85;464 68;511 0;620 85;680 61;705 0;850 0;1987 1461,128.3,3.25,cadastre_auto,"[siret3_r026_c017#c67] parcel 80371140050: 4 rows, gap 467 m2"
siret3_r026_c017,yes,medium,81 6;99 51;1402 1680;1121 1785;0 350;0 0,128.3,3.25,cadastre_auto,"[siret3_r026_c017#c68] parcel 80371140050: 4 rows, gap 347 m2"
siret3_r027_c017,yes,medium,1633 2;2044 565;1978 632;2048 747;2048 1333;1023 20,128.4,2.48,cadastre_auto,"[siret3_r027_c017#c69] parcel 80371140064: 5 rows, gap 351 m2"
siret3_r027_c018,yes,medium,1014 2048;558 2048;0 1333;0 747,128.4,2.48,cadastre_auto,"[siret3_r027_c018#c70] parcel 80371140064: 5 rows, gap 288 m2"
siret3_r028_c018,yes,medium,1048 43;1218 69;1277 0;1394 0;2048 838;2048 941;1978 1009;2048 1123;2048 1908;558 0;1014 0,128.4,2.48,cadastre_auto,"[siret3_r028_c018#c71] parcel 80371140064: 5 rows, gap 705 m2"
siret3_r028_c019,yes,medium,719 2036;110 2048;0 1908;0 1123,128.4,2.48,cadastre_auto,"[siret3_r028_c019#c72] parcel 80371140064: 5 rows, gap 203 m2"
siret3_r029_c019,yes,medium,385 352;110 0;708 0,128.4,2.48,cadastre_auto,"[siret3_r029_c019#c73] parcel 80371140064: 5 rows, gap 66 m2"
siret3_r027_c018,yes,medium,293 5;308 45;1879 2048;1807 2048;198 0,128.2,2.61,cadastre_auto,"[siret3_r027_c018#c74] parcel 80371140065: 6 rows, gap 94 m2"
siret3_r027_c018,yes,medium,1623 2048;1445 2048;450 774;503 732;500 671;0 42;0 0,128.2,2.61,cadastre_auto,"[siret3_r027_c018#c75] parcel 80371140065: 6 rows, gap 154 m2"
siret3_r028_c018,yes,medium,2028 516;1976 590;2048 703;2048 773;1445 0;1623 0,128.2,2.61,cadastre_auto,"[siret3_r028_c018#c76] parcel 80371140065: 6 rows, gap 69 m2"
siret3_r030_c016,yes,medium,788 935;902 1083;139 2048;155 1931,65.1,2.66,cadastre_auto,"[siret3_r030_c016#c77] parcel 80371140072: 3 rows, gap 88 m2"
siret3_r030_c016,yes,medium,1603 33;1197 551;1149 529;1096 546;883 819;1381 0;1562 0,65.1,2.66,cadastre_auto,"[siret3_r030_c016#c78] parcel 80371140072: 3 rows, gap 71 m2"
siret3_r030_c016,yes,medium,1105 1371;1106 1460;1154 1484;1205 1468;1412 1737;1168 2048;208 2048;930 1113,53.9,2.50,cadastre_auto,"[siret3_r030_c016#c79] parcel 80371140073: 9 rows, gap 369 m2"
siret3_r031_c017,yes,medium,663 1457;737 1609;801 1623;852 1581;950 1685;636 2048;188 2048;162 2027,49.4,2.49,cadastre_auto,"[siret3_r031_c017#c80] parcel 80371140078: 4 rows, gap 141 m2"
siret3_r031_c018,yes,medium,1148 2003;1105 1976;1033 2002;969 1975;880 2048;298 2048;1273 860;1743 1267,50.5,2.68,cadastre_auto,"[siret3_r031_c018#c81] parcel 80371140081: 3 rows, gap 489 m2"
siret3_r032_c018,yes,medium,833 56;779 9;712 29;0 898;0 363;298 0;880 0,50.5,2.68,cadastre_auto,"[siret3_r032_c018#c82] parcel 80371140081: 3 rows, gap 175 m2"
siret3_r032_c019,yes,medium,1994 1716;1984 1787;2041 1828;1858 2048;1525 2048;2048 1389;2048 1647,49.9,2.48,cadastre_auto,"[siret3_r032_c019#c83] parcel 80371140089: 8 rows, gap 89 m2"
siret3_r033_c019,yes,medium,509 1615;501 1692;564 1729;526 1774;279 1571;1525 0;1858 0,49.9,2.48,cadastre_auto,"[siret3_r033_c019#c84] parcel 80371140089: 8 rows, gap 310 m2"
siret3_r033_c019,yes,medium,1990 870;1994 937;2048 966;2048 1227;1379 2048;1020 2048,47.8,2.28,cadastre_auto,"[siret3_r033_c019#c85] parcel 80371140091: 4 rows, gap 225 m2"
siret3_r033_c020,yes,medium,0 966;962 0;1001 0;0 1227,47.8,2.28,cadastre_auto,"[siret3_r033_c020#c86] parcel 80371140091: 4 rows, gap 93 m2"
siret3_r035_c021,yes,medium,1383 1615;1037 1347;1110 1315;2048 130;2048 786,51.8,3.17,cadastre_auto,"[siret3_r035_c021#c87] parcel 80371140098: 4 rows, gap 335 m2"
siret3_r035_c022,yes,medium,0 786;0 130;80 0;632 0,51.8,3.17,cadastre_auto,"[siret3_r035_c022#c88] parcel 80371140098: 4 rows, gap 152 m2"
siret3_r035_c023,yes,medium,0 1130;65 996;13 950;68 839;0 777;275 403;181 259;117 267;58 337;0 305;139 104;406 315;584 569;35 1308;0 1299,52.1,2.43,cadastre_auto,"[siret3_r035_c023#c89] parcel 80371140101: 8 rows, gap 192 m2"
siret3_r036_c022,yes,medium,316 282;348 338;481 376;507 434;571 445;597 496;739 568;1186 22;1260 68;1338 0;1446 0;1487 63;886 872;260 344,52.1,2.43,cadastre_auto,"[siret3_r036_c022#c90] parcel 80371140101: 8 rows, gap 201 m2"
siret3_r036_c023,yes,medium,1981 1241;2039 1279;1973 1427;2048 1488;1860 1820;1902 1879;1971 1879;2048 1987;2009 2048;1478 2048,58.1,2.85,cadastre_auto,"[siret3_r036_c023#c91] parcel 80371140106: 7 rows, gap 125 m2"
siret3_r036_c024,yes,medium,949 299;866 330;773 292;685 399;596 352;520 432;470 391;412 399;65 948;6 913;0 743;77 603;13 522;341 0;544 0,58.1,2.85,cadastre_auto,"[siret3_r036_c024#c92] parcel 80371140106: 7 rows, gap 202 m2"
siret3_r037_c023,yes,medium,1084 51;1144 77;1205 44;1271 77;1328 49;1390 77;1478 0;2009 0;1363 1017;820 451,58.1,2.85,cadastre_auto,"[siret3_r037_c023#c93] parcel 80371140106: 7 rows, gap 399 m2"
siret3_r037_c023,yes,medium,2026 66;2048 109;1966 263;1990 318;2040 339;1970 472;2024 550;1615 1191;1394 1043,57.7,2.91,cadastre_auto,"[siret3_r037_c023#c94] parcel 80371140107: 4 rows, gap 152 m2"
siret3_r036_c024,yes,medium,1855 961;1744 1014;1106 2009;1057 1977;1273 1638;1269 1576;1220 1541;1433 1208;1429 1146;1378 1110;1594 774,57.2,2.62,cadastre_auto,"[siret3_r036_c024#c95] parcel 80371140108: 7 rows, gap 127 m2"
siret3_r037_c023,yes,medium,1980 709;2040 752;1972 874;1989 927;2037 952;1975 1059;1986 1113;2030 1142;1976 1256;2039 1319;1978 1457;1647 1214,57.2,2.62,cadastre_auto,"[siret3_r037_c023#c96] parcel 80371140108: 7 rows, gap 89 m2"
siret3_r037_c024,yes,medium,2039 2;2048 165;1988 219;835 2048;637 2048;532 1957;1766 0,57.5,2.54,cadastre_auto,"[siret3_r037_c024#c97] parcel 80371140110: 11 rows, gap 454 m2"
siret3_r037_c024,yes,medium,2005 457;2048 471;2048 517;1081 2048;990 2048,57.5,2.54,cadastre_auto,"[siret3_r037_c024#c98] parcel 80371140110: 11 rows, gap 85 m2"
siret3_r038_c024,yes,medium,835 2;901 70;990 0;1081 0;1139 70;1205 47;1273 69;1319 36;1367 70;1422 57;1196 407;849 184;637 0,57.5,2.54,cadastre_auto,"[siret3_r038_c024#c99] parcel 80371140110: 11 rows, gap 94 m2"
siret3_r038_c024,yes,medium,1987 2;2043 38;1874 299;1823 272;1768 293;1570 616;1617 694;1615 777;1667 807;1720 789;1746 877;1818 880;1868 817;1891 844;1776 1013;1387 618;1795 0,57.2,2.51,cadastre_auto,"[siret3_r038_c024#c100] parcel 80371140113: 8 rows, gap 116 m2"
siret3_r037_c025,yes,medium,800 1981;751 2009;724 1986;1728 478;1771 516,55.6,2.38,cadastre_auto,"[siret3_r037_c025#c101] parcel 80371140116: 12 rows, gap 66 m2"
siret3_r036_c026,yes,medium,2048 994;2048 1281;1422 2048;1395 2048,53.9,2.26,cadastre_auto,"[siret3_r036_c026#c102] parcel 80371140127: 10 rows, gap 65 m2"
siret3_r036_c026,yes,medium,1272 21;72 1930;62 1877;0 1820;1116 0,63.5,2.46,cadastre_auto,"[siret3_r036_c026#c103] parcel 80371140130: 14 rows, gap 179 m2"
siret3_r035_c025,yes,medium,1955 1982;1894 1987;1846 2048;1653 2048;1630 1996;1576 1978;1993 1370;2048 1437;2048 1850,81.2,2.54,cadastre_auto,"[siret3_r035_c025#c104] parcel 80371140131: 7 rows, gap 106 m2"
siret3_r036_c025,yes,medium,1695 242;1638 207;1578 235;891 1338;852 1306;1653 0;1846 0,81.2,2.54,cadastre_auto,"[siret3_r036_c025#c105] parcel 80371140131: 7 rows, gap 71 m2"
siret3_r036_c025,yes,medium,953 59;1004 65;1049 27;1110 68;511 1025;419 950;731 446;723 375,57.0,2.38,cadastre_auto,"[siret3_r036_c025#c106] parcel 80371140132: 5 rows, gap 91 m2"
siret3_r034_c025,yes,medium,555 2042;494 1972;336 1995;702 1468;868 1588;1066 1796;899 2032;847 1974;766 1995;711 1970;615 2048,55.8,2.88,cadastre_auto,"[siret3_r034_c025#c107] parcel 80371140135: 5 rows, gap 139 m2"
siret3_r035_c024,yes,medium,1991 516;1972 704;2048 767;2048 887;1974 999;2001 1085;1970 1157;2048 1251;1483 2048;1292 2048;1055 1860,55.8,2.88,cadastre_auto,"[siret3_r035_c024#c108] parcel 80371140135: 5 rows, gap 383 m2"
siret3_r033_c023,yes,medium,68 1665;80 1566;0 1516;89 1379;44 1291;85 1233;84 1173;1 1116;88 996;44 899;399 495;914 936;0 2032;0 1742,49.5,3.48,cadastre_auto,"[siret3_r033_c023#c109] parcel 80371140145: 4 rows, gap 409 m2"
siret3_r033_c021,yes,medium,1383 954;1416 997;1474 1008;1505 1076;1575 1090;1596 1148;1668 1173;1719 1243;1795 1232;1874 1285;1979 1195;2048 1234;2048 1442;1962 1548;1299 1043,51.5,3.02,cadastre_auto,"[siret3_r033_c021#c110] parcel 80371140148: 8 rows, gap 81 m2"
siret3_r033_c021,yes,medium,695 2;750 66;837 10;886 64;960 35;1025 66;1093 9;1169 66;970 331;982 398;1044 420;858 657;414 325,52.5,2.32,cadastre_auto,"[siret3_r033_c021#c111] parcel 80371140150: 7 rows, gap 164 m2"
siret3_r032_c021,yes,medium,1675 479;1677 396;1600 370;1689 241;1677 189;1627 160;1645 136;1965 399;627 2048;471 2048,52.4,2.50,cadastre_auto,"[siret3_r032_c021#c112] parcel 80371140152: 9 rows, gap 225 m2"
siret3_r029_c024,yes,medium,1131 1647;1078 1883;0 1060;0 784,119.1,2.90,cadastre_auto,"[siret3_r029_c024#c113] parcel 80371140206: 4 rows, gap 190 m2"
siret3_r029_c024,yes,medium,57 1424;0 1262;0 1110;1068 1925;1040 2048;874 2048,119.1,2.90,cadastre_auto,"[siret3_r029_c024#c114] parcel 80371140207: 7 rows, gap 168 m2"
siret3_r029_c023,yes,medium,596 324;597 383;796 742;229 309;317 111,119.1,2.81,cadastre_auto,"[siret3_r029_c023#c115] parcel 80371140208: 6 rows, gap 67 m2"
siret3_r029_c024,yes,medium,121 1789;120 1730;0 1514;0 1431;808 2048;460 2048,119.1,2.81,cadastre_auto,"[siret3_r029_c024#c116] parcel 80371140208: 6 rows, gap 96 m2"
siret3_r029_c023,yes,medium,901 873;902 931;1097 1283;125 542;212 347,119.0,2.81,cadastre_auto,"[siret3_r029_c023#c117] parcel 80371140209: 7 rows, gap 132 m2"
siret3_r029_c023,yes,medium,1201 1414;1202 1473;1442 1905;5 809;108 579,119.0,2.81,cadastre_auto,"[siret3_r029_c023#c118] parcel 80371140210: 7 rows, gap 239 m2"
siret3_r029_c023,yes,medium,0 1108;0 856;1563 2048;1232 2048,119.1,2.77,cadastre_auto,"[siret3_r029_c023#c119] parcel 80371140211: 3 rows, gap 221 m2"
siret3_r030_c023,yes,medium,1992 328;2048 486;2048 623;1232 0;1563 0,119.1,2.77,cadastre_auto,"[siret3_r030_c023#c120] parcel 80371140211: 3 rows, gap 101 m2"
siret3_r029_c023,yes,medium,0 1506;0 1159;1166 2048;710 2048,119.0,2.76,cadastre_auto,"[siret3_r029_c023#c121] parcel 80371140212: 4 rows, gap 204 m2"
siret3_r030_c023,yes,medium,2047 706;1994 728;1973 782;2048 936;2048 1021;710 0;1166 0;2048 673,119.0,2.76,cadastre_auto,"[siret3_r030_c023#c122] parcel 80371140212: 4 rows, gap 235 m2"
siret3_r029_c023,yes,medium,0 1801;0 1557;644 2048;324 2048,119.0,3.62,cadastre_auto,"[siret3_r029_c023#c123] parcel 80371140213: 3 rows, gap 74 m2"
siret3_r030_c023,yes,medium,2037 1063;1982 1091;1956 1147;2019 1293;324 0;644 0,119.0,3.62,cadastre_auto,"[siret3_r030_c023#c124] parcel 80371140213: 3 rows, gap 229 m2"
siret3_r028_c025,yes,medium,464 1963;320 1969;243 2048;1 1299;115 927,89.3,3.28,cadastre_auto,"[siret3_r028_c025#c125] parcel 80371140236: 3 rows, gap 132 m2"
siret3_r029_c025,yes,medium,656 1248;689 1183;704 549;1239 2048;905 2048,89.3,3.28,cadastre_auto,"[siret3_r029_c025#c126] parcel 80371140236: 3 rows, gap 217 m2"
siret3_r030_c025,yes,medium,1239 0;1399 478;1199 913;905 0,89.3,3.28,cadastre_auto,"[siret3_r030_c025#c127] parcel 80371140236: 3 rows, gap 147 m2"
siret3_r033_c026,yes,medium,956 2048;135 2048;861 551;984 1992,95.6,2.75,cadastre_auto,"[siret3_r033_c026#c128] parcel 80371140243: 9 rows, gap 399 m2"
siret3_r034_c025,yes,medium,2042 1122;1973 1195;2048 1347;1972 1391;1928 1355;1871 1361;1692 1541;1725 1636;1692 1734;1777 1779;1796 1821;1727 1891;1601 1747;1404 1606;2048 278,95.6,2.75,cadastre_auto,"[siret3_r034_c025#c129] parcel 80371140243: 9 rows, gap 245 m2"
siret3_r034_c026,yes,medium,568 763;491 640;439 616;341 655;272 755;272 819;418 1059;319 1253;217 1098;154 1091;111 1129;110 1193;233 1422;59 1150;0 1122;0 278;135 0;956 0,95.6,2.75,cadastre_auto,"[siret3_r034_c026#c130] parcel 80371140243: 9 rows, gap 420 m2"
siret3_r034_c026,yes,medium,890 765;790 620;731 611;684 647;678 714;808 924;796 947;640 709;987 26;1007 539,121.8,2.90,cadastre_auto,"[siret3_r034_c026#c131] parcel 80371140244: 8 rows, gap 72 m2"
siret3_r034_c026,yes,medium,758 1464;934 1516;644 2048;439 2048;369 1980;302 1988;658 1300,127.6,2.64,cadastre_auto,"[siret3_r034_c026#c132] parcel 80371140245: 8 rows, gap 141 m2"
siret3_r034_c026,yes,medium,1114 1186;975 1442;940 1373;992 1336;996 1274;816 994;1017 606,127.6,2.64,cadastre_auto,"[siret3_r034_c026#c133] parcel 80371140245: 8 rows, gap 70 m2"
siret3_r034_c026,yes,medium,1040 2048;925 1976;868 2034;780 1974;706 2019;1121 1258;1295 2048,131.0,2.71,cadastre_auto,"[siret3_r034_c026#c134] parcel 80371140246: 11 rows, gap 140 m2"
siret3_r022_c013,yes,medium,309 0;611 343;1916 2048;1649 2048;1629 1969;1483 1776;1408 1749;60 0;120 0;1487 1775;1587 1783;1615 1734;1600 1679,127.4,2.74,cadastre_auto,"[siret3_r022_c013#c135] parcel 80371140487: 54 rows, gap 142 m2"
siret3_r023_c013,yes,medium,0 500;0 289;832 0;1383 4,127.4,2.74,cadastre_auto,"[siret3_r023_c013#c136] parcel 80371140487: 54 rows, gap 142 m2"
siret3_r023_c014,yes,medium,1017 1502;2048 1175;2048 1347;921 1698;0 513;0 173,127.4,2.74,cadastre_auto,"[siret3_r023_c014#c137] parcel 80371140487: 54 rows, gap 314 m2"
siret3_r023_c015,yes,medium,853 892;971 1034;0 1347;0 1175,127.4,2.74,cadastre_auto,"[siret3_r023_c015#c138] parcel 80371140487: 54 rows, gap 101 m2"
siret3_r021_c015,yes,medium,306 2048;212 1978;157 2011;0 1795;0 1265;42 1252;651 2048,127.6,2.51,cadastre_auto,"[siret3_r021_c015#c139] parcel 80371140520: 4 rows, gap 154 m2"
siret3_r022_c015,yes,medium,1657 1315;1441 1470;306 0;651 0,127.6,2.51,cadastre_auto,"[siret3_r022_c015#c140] parcel 80371140520: 4 rows, gap 296 m2"
siret3_r029_c016,yes,medium,1014 1532;71 162;0 0;78 0;1054 1457,125.9,3.22,cadastre_auto,"[siret3_r029_c016#c141] parcel 80371150067: 12 rows, gap 96 m2"
siret3_r030_c016,yes,medium,2 84;78 28;431 492;332 690;0 187,125.9,3.22,cadastre_auto,"[siret3_r030_c016#c142] parcel 80371150067: 12 rows, gap 67 m2"
siret3_r037_c023,yes,medium,517 940;1924 2048;1834 2048;478 991,142.1,2.74,cadastre_auto,"[siret3_r037_c023#c143] parcel 80371150201: 7 rows, gap 66 m2"
siret3_r038_c022,yes,medium,900 1133;1283 637;2048 1240;2048 2038,140.6,2.23,cadastre_auto,"[siret3_r038_c022#c144] parcel 80371150204: 5 rows, gap 477 m2"
siret3_r038_c023,yes,medium,116 1338;54 1372;61 1443;350 1677;351 1766;686 2048;0 2038;0 1240,140.6,2.23,cadastre_auto,"[siret3_r038_c023#c145] parcel 80371150204: 5 rows, gap 147 m2"
siret3_r039_c023,yes,medium,690 4;650 40;650 90;818 240;806 332;1208 672;1257 678;1299 642;1377 676;1428 626;1527 672;1573 624;1556 565;1720 670;1766 640;1774 590;2048 805;2048 1036;1772 1386;13 0,140.6,2.23,cadastre_auto,"[siret3_r039_c023#c146] parcel 80371150204: 5 rows, gap 481 m2"
siret3_r013_c009,yes,medium,82 1638;52 1026;2048 566;2048 615;1428 765;1394 807;1406 862;1346 883;1321 931;1357 991;1498 969;1514 1018;1564 1039;2048 920;2048 1117,14.1,2.17,cadastre_auto,"[siret3_r013_c009#c147] parcel 80372170074: 3 rows, gap 603 m2"
siret3_r015_c011,yes,medium,2048 261;1643 577;1533 439;2048 17,39.1,2.09,cadastre_auto,"[siret3_r015_c011#c148] parcel 80372170086: 4 rows, gap 68 m2"
