tile_id,action,confidence,row_angle_deg,spacing_m,region_px,note
siret3_r006_c003,fix_false_annotation,medium,,,"271,800 420,780 520,830 580,920 560,1020 470,1040 350,1010 271,950","[agent review] hedge: Dense, uniform, rounded green mass with no internal row/gap structure (unlike every other vine cluster on this tile, which show clear 1-1.5 m plant spacing with soil between). Sits right at the field's upper boundary corner. The pipeline's row/canopy lines pass straight through it as if it we"
siret3_r007_c002,check_after_review,medium,,,,"[verifier] V02-R001 should be removed (see reject). Everything else here is a genuine improvement: V01-R115 (17.8 m) ran along the farm track bordering the junk-pile/tractor farmyard exactly as the applied note says, and the disrupted V01-R116 (39.2 m, same track, not mentioned in the applied note but clearly "
siret3_r007_c002,fix_false_annotation,high,,,"1470,1150 1900,1150 1930,1350 1900,1550 1750,1650 1550,1620 1460,1450 1430,1250","[agent review] trees: Large single dense tree crown with dark shadow (round, ~350-400px / ~9-10m wide, clearly a tree canopy, not a linear vine row). The pipeline's row axis/canopy lines run straight through it as if continuing the vine row. [road/strip or tree inside the vineyard: split the rows at a road, or del"
siret3_r007_c003,complete_partial_block,high,,,,left half of the vineyard unmapped (13 rows mapped on the right)
siret3_r007_c003,fix_false_annotation,high,,,"430,560 560,600 620,700 650,850 600,1000 500,1040 400,950 370,750 390,620","[agent review] hedge: Solid, dense, uniformly-textured shrub/hedge mass with no row or plant-gap structure, unlike the clearly separated individual vine plants on every real row elsewhere in this tile. Row R083's axis and part of its canopy chain run straight through it. [road/strip or tree inside the vineyard: sp"
siret3_r007_c003,fix_false_annotation,medium,,,"650,1000 850,1050 1000,1150 1030,1300 950,1400 800,1350 700,1250 650,1100","[agent review] shrubs: Continuation of the same diagonal weedy/shrubby strip (likely an overgrown drainage line/headland) south-east of the main hedge blob, again with canopy annotated on the dense wild vegetation rather than on distinct vine plants. [road/strip or tree inside the vineyard: split the rows at a roa"
siret3_r008_c001,fix_false_annotation,high,,,"560,0 2048,0 2048,820 1030,700 950,640 700,150","[agent review] grass: 4 row axes (V02-R010, R013, R014, R017) and small canopy blobs run across a weedy fallow/grass field with no plant rows, stakes, or organized structure -- just scattered natural weed clumps -- before reaching the hedge/vineyard further south. [road/strip or tree inside the vineyard: split the"
siret3_r008_c001,fix_false_annotation,medium,,,"950,640 1030,700 2048,820 2048,1050 1900,1050 1550,1160 1150,1300","[agent review] hedge: Dense wild shrub/hedge band along the field boundary (with a bare track at its lower edge); the same 4 row axes continue straight through it with interrow polygons, but this is a hedge/windbreak, not vine rows (no row spacing, wild clumped canopy). The real vineyard with visible young vines a"
siret3_r008_c002,fix_false_annotation,high,,,"650,0 850,0 1050,200 1300,600 1550,1000 1750,1500 1800,1950 1600,2048 1300,2048 1420,1900 1250,1600 1150,1300 1024,900 1000,700 900,400","[agent review] road: A wide gravel farm road/yard (parked car, irrigation pipes lying on it) crosses the tile and separates two halves of block V01. Several disrupted-structure row axes (around V01-R116/R119 and neighbours) are drawn as one continuous line straight across this bare gravel with interrow polygons co"
siret3_r008_c003,check_after_review,medium,,,,"[verifier] Restore the deleted row (with its canopies) between current R095 and R097 - a full 55 m real vine row and its canopies were dropped with no stated reason (applied note says nothing targeted this tile), most likely an unintended side effect of the RC9 re-run. No other changes were found on this tile "
siret3_r008_c003,fix_false_annotation,high,,,"60,1050 120,970 220,960 300,1010 335,1100 330,1220 280,1320 180,1350 90,1300 55,1200","[agent review] shrubs: Round, dense wild shrub/bush roughly 7x9m (far larger and denser than a single <1m vine plant, no row structure) sits in the path of row V01-R106; a small canopy polygon is drawn on its edge as if it were a vine plant. [road/strip or tree inside the vineyard: split the rows at a road, or del"
siret3_r009_c000,fix_false_annotation,high,,,"560,0 2048,0 2048,550 1900,600 1700,620 1550,660 1420,730 1300,820 1180,920 1060,1000 950,1060 850,1100 750,1120 650,1000 560,850","[agent review] grass: Upper-right ~40% of the tile is fallow pasture/grassland with scattered trees and a bare-dirt farm track cutting across it (confirmed at full resolution, no tillage, no individual vine plants). Multiple row axes (V02-R036..R053 etc.) and their interrow/canopy strips are drawn straight through"
siret3_r009_c003,check_after_review,medium,,,,"[verifier] Row V01-R097 (pre-RC9 numbering) needs to be restored as a row axis — real vines are still visible/outlined there. The two disclosed deletions (old V01-R114 and V01-R117, the continuous roadside-grass strip along the west gravel road, y~700-2048) are correct: zoomed raw imagery shows uniform grass w"
siret3_r009_c005,check_auto_rows,high,112,2.8,0 0;1200 0;1000 330;560 540;300 720;0 900,"RC8 drew 10 new row pieces here (seeded detection): check them, complete what is still missing. Was: draw_missing_vineyard - young vines + stakes on grassy rows N of road; continues rows of r008_c004/r008_c005/r009_c004"
siret3_r009_c005,draw_missing_vineyard,medium,,,"960,0 1360,0 1300,280 1000,260 950,100","[agent review] Two more young-vine rows (small leaf clusters plus white stakes, same style as the confirmed rows to their west) are visible east of the last annotated row V01-R032, evenly spaced (~100px, matching the block's row spacing) up to where the farm road cuts them off. This matches the tile's own marcaj_t"
siret3_r010_c003,complete_partial_block,high,,,,left strip of the vineyard south of the road unmapped
siret3_r011_c003,draw_missing_vineyard,high,149,2.2,2000 1635;2048 1630;2048 2048;1830 2048;1880 1890;1950 1740,SE corner: young vines + end posts on tilled soil; same block as r012_c003/r012_c004 (whose model rows look PERPENDICULAR to the true ~148-150 deg rows)
siret3_r011_c004,check_after_review,medium,,,,"[verifier] Only the lower ~2.5 m of V05-R003 (from about (110,1620) to (193,1693)) actually overlays visible young vine plants on tilled soil, confirmed by zoom; its upper ~6 m (up to (0,1414)) crosses bare soil and tree-canopy shadow with no visible plants and should be trimmed back to the confirmed segment. "
siret3_r011_c004,draw_missing_vineyard,high,151.5,2.2,0 1579;188 1664;282 1877;375 1963;444 2048;0 2048,young vines on tilled soil + white tubes in bottom-left corner west of dirt road/tree; continues toward r011_c003/r012_c003
siret3_r012_c003,draw_missing_vineyard,high,,,"1500,0 2048,0 2048,2048 380,2048 700,1350 950,1024 1150,768 1270,512 1360,300","[agent review] Unambiguous, entirely unannotated vineyard block east/right of a diagonal field track: young vines on individual stakes, plant spacing ~1-1.5m, rows at the '150-degree' angle called out by marcaj_todo. Verified at full resolution in crops (1400,200)-(2048,900), (900,300)-(2048,1200) and (700,900)-(2"
siret3_r012_c003,redraw_after_false_rows_removed,high,,,,model rows at the wrong angle removed; draw the 150-degree block
siret3_r012_c004,draw_missing_vineyard,high,,,"0,0 520,0 650,780 650,1536 620,1950 600,2048 0,2048","[agent review] Same tilled vine block seen entering from tile c003, occupying the west strip of this tile, west of a dirt track that runs top-to-bottom through the tile (~x300,y0 to ~x950,y2048). Entirely unannotated - matches marcaj_todo 'draw the 150-degree block'. Verified at full resolution vs raw overview and"
siret3_r012_c004,redraw_after_false_rows_removed,high,,,,model rows at the wrong angle removed; draw the 150-degree block
siret3_r012_c004,verify_waste,medium,,,"1290,1830 1460,2000",[agent review] heap of broken concrete/stone rubble
siret3_r012_c005,check_after_review,medium,,,,"[verifier] V07-R001 through R004 do correspond to real, distinct rows in the small home-garden plot: two dense continuous rows (R001, R002), one row of individually staked young plants (R003, stakes clearly visible), and one more dense row (R004) — four real rows, consistent with the m3 note ('at least 3 paral"
siret3_r012_c005,verify_waste,medium,,,"1015,595 1085,665",[agent review] crumpled white plastic sheet/film lying in grass
siret3_r012_c005,verify_waste,medium,,,"935,825 1035,935",[agent review] crumpled white plastic sheet/film lying in grass
siret3_r012_c008,verify_waste,low,,,"545,1595 830,1660",[agent review] stack of white pipes/tubes beside a greenhouse - could be irrigation pipe (excluded) or leftover material; not clearly litter
siret3_r012_c009,draw_missing_vineyard,medium,13,1.9,340 0;1300 0;1150 130;800 175;700 290;340 290,backyard garden vineyard >=4 rows: gnarled vine trunks on stakes with fresh shoots; rows irregular; angle uncertain (FFT); tiles N/E outside AOI; lower-right garden rows are vegetables (excluded)
siret3_r012_c009,verify_suspect_rows,medium,14.0,,1578 1968 2048 2048,"V05: 7/8 rows on construction land (yard) - check they are vines, delete if not"
siret3_r012_c009,verify_waste,medium,,,"270,430 440,540",[agent review] heap of light-colored rubble/debris beside a fence/wall near the house
siret3_r012_c009,verify_waste,low,,,"545,985 660,1080","[agent review] stacked white sheet-like material pile next to a house with a purple roof, possibly construction debris"
siret3_r013_c003,check_auto_rows,high,152,2.25,330 470;900 540;1450 790;2048 1070;2048 1790;1180 1290;600 1050;330 640,"RC8 drew 7 new row pieces here (seeded detection): check them, complete what is still missing. Was: draw_missing_vineyard - pruned vines with fresh shoots on bare soil + trellis posts (some fallen); ~7 rows; FFT 150-153 deg 2.2-2.3 m"
siret3_r013_c003,check_auto_rows,medium,151,,1100 1640;1500 1767;1987 2048;1434 2048;1229 1802,"RC8 drew 7 new row pieces here (seeded detection): check them, complete what is still missing. Was: draw_missing_vineyard - vine rows with posts continuing in grassy ground below a ~9 m grass band; same direction as upper block"
siret3_r013_c003,draw_missing_vineyard,medium,,,"850,1470 2048,1700 2048,2048 850,2048","[agent review] South of the last mapped row (V06-R007), the tilled furrows continue a short distance into unmown grass: 1-2 more parallel furrow lines are visible with dark shrubby clumps and at least one white vine stake, same direction/spacing as the block above. Grass overgrowth obscures the full row extent and"
siret3_r013_c004,check_auto_rows,high,152,2.35,0 1140;560 1505;1110 1740;1330 1880;1380 2048;380 2048;0 1830,"RC8 drew 12 new row pieces here (seeded detection): check them, complete what is still missing. Was: draw_missing_vineyard - SW block: young vines + white stakes on tilled soil; continues into r013_c003/r014_c004 (no model rows there)"
siret3_r013_c004,check_auto_rows,medium,152,2.35,0 0;950 0;950 380;700 390;330 290;0 190,"RC8 drew 12 new row pieces here (seeded detection): check them, complete what is still missing. Was: draw_missing_vineyard - NW band: vines + stakes in grassy rows; continuation of r012_c004 block (model rows there look perpendicular)"
siret3_r013_c004,draw_missing_vineyard,low,,,"0,420 950,620 950,1200 0,1000","[agent review] Between the two mapped blocks (V04 to the north, V06 to the south) is a heavily overgrown strip with several white vine stakes visible among dense flowering weeds/motion-blurred grass. Row lines and individual canopies are not clearly distinguishable due to the overgrowth, so this is low confidence "
siret3_r013_c007,verify_waste,high,,,"1645,1650 1710,1700","[agent review] small stack of pale wooden planks/pallet pieces on grass, N side of the farm track"
siret3_r013_c007,verify_waste,high,,,"1590,1720 1665,1810","[agent review] larger pile of stacked wooden pallets/boards on grass, just SW of the plank stack"
siret3_r013_c008,draw_missing_vineyard,low,,,"650,0 1450,0 1450,700 650,700",[agent review] Village garden plot (next to a house/shed with a car) containing 2-3 roughly parallel lines of small leafy shrubs (~0.3-0.5m each) with at least one white stake/pipe visible - matches the pipeline's own 'verify_maybe_vineyard' note. However row-to-row spacing is very wide and irregular (~170-250px =
siret3_r013_c008,verify_maybe_vineyard,low,73,2.1,980 380;1250 420;1240 900;1100 1030;950 1010,village garden: 3-4 rows of small leafy plants ~1 m apart with white pipes; could be vines or berry/young trees
siret3_r013_c009,check_after_review,medium,,,,"[verifier] The eastern/lower-right part of the same seed (roughly x>650: rows around R010/R011/R014, and R023–R027) correctly lands on real, sparse/gappy vine trunks with spacing/angle matching the original 8 rows — that portion is a genuine, good extension and should be kept. The whole block was also renumber"
siret3_r013_c009,check_auto_rows,high,14,2.1,120 280;1270 0;2048 0;2048 1990;1450 1995;420 1560;200 1250;60 560,"RC8 drew 8 new row pieces here (seeded detection): check them, complete what is still missing. Was: draw_missing_vineyard - whole-tile vineyard: trellis stakes + leafy vines (NW) and sparse vines/stumps on bare soil (centre); continues north into r012_c009; big tree at x1450-1950 y1000-1400 inside"
siret3_r013_c009,verify_suspect_rows,medium,14.0,,0 0 2048 1027,"V05: 7/8 rows on construction land (yard) - check they are vines, delete if not"
siret3_r014_c004,check_auto_rows,high,151,2.24,0 0;1390 0;1420 430;1200 680;1200 1000;1460 1150;1080 2048;0 845,"RC8 drew 21 new row pieces here (seeded detection): check them, complete what is still missing. Was: draw_missing_vineyard - large young vineyard with stakes on tilled soil; tractor in block; all neighbours empty too - whole block missed; excludes road/trees on E and nodata SW"
siret3_r014_c008,fix_false_annotation,medium,,,"0,388 28,400 24,438 0,436","[agent review] grass: A single stray canopy polygon at the tile's far left edge (~x0-25,y390-440) sits on a small isolated weed/grass clump on bare tilled soil. No row axis is associated with it and there is no neighbouring vine structure — it is not a grapevine. [trims the ends of 1 rows of ['V08']]"
siret3_r014_c010,verify_waste,medium,,,"1530,455 1665,595",[agent review] a flat corrugated sheet (metal or plastic roofing panel) lying on the grass in the yard behind the house/fence
siret3_r015_c011,check_auto_rows,medium,38,2.0,1640 560;1990 280;2048 280;2048 850;1850 850;1700 700,"RC8 drew 5 new row pieces here (seeded detection): check them, complete what is still missing. Was: draw_missing_vineyard - garden vineyard: >=4 rows of young vines with stakes + white tubes (right of shed); FFT 40 deg 1.9 m"
siret3_r015_c011,check_auto_rows,low,130,1.7,1380 0;1720 0;1720 240;1580 300;1420 190,"RC8 drew 5 new row pieces here (seeded detection): check them, complete what is still missing. Was: verify_maybe_vineyard - 3-4 leafy rows with white tubes in garden at top; could be vines or berry bushes; continues into r014_c011"
siret3_r015_c011,draw_missing_vineyard,low,,,"1350,0 1740,0 1740,330 1350,330","[agent review] Diagonal green bands just NW of the annotated garden block (V09), on tilled soil. At full-res zoom the canopy is solid/connected along each band (no discrete plant-to-plant gaps) at ~3.4 m spacing, and no clear white tubes/stakes were seen on the plants themselves (only an unrelated small debris scr"
siret3_r018_c011,draw_missing_vineyard,high,,,"0,1390 150,1390 200,2048 0,2048","[agent review] One additional vine row (clear canopy/shadow pattern, same spacing as neighbouring annotated R047) runs along the tile's west edge, west of R047's line (which starts at x=210,y=1410). No red/green/cyan on it at any zoom level. Verified at full resolution (crop 0,1390-140,1550)."
siret3_r018_c012,verify_waste,medium,,,"558,978 702,1142",[agent review] irregular heap of white/light-coloured rubble or debris in the yard behind/beside the red-roofed house
siret3_r018_c013,verify_waste,medium,,,"558,978 702,1142",[agent review] heap of white/light debris or rubble in the yard next to the red corrugated-roof house
siret3_r019_c010,fix_false_annotation,medium,,,"0,280 430,830 400,970 0,660","[agent review] tillage: Row axis + inter-row polygon (part of disrupted row V10-R073) overshoot past the last real vine into a bare tractor-turnaround area at the tile's NW corner; raw crop shows only tilled soil with circular tractor tracks, no plants. [trims the ends of 1 rows of ['V10']]"
siret3_r019_c010,fix_false_annotation,high,,,"0,880 600,1020 620,1500 600,2048 0,2048","[agent review] shrubs: Row axes (V10-R073/R075/R077) and their canopy polygons run straight through a dense wild-shrub gully along a track edge on the west side of the tile; vegetation here is a continuous irregular bush mass, not spaced grapevine plants (confirmed at full-res crop). [road/strip or tree inside the"
siret3_r019_c013,fix_false_annotation,high,,,"0,1580 680,1260 1280,920 1830,970 1900,1300 2048,1480 2048,1680 1550,1720 700,1950 0,1780","[agent review] road: A wide farm track plus an adjoining farmyard (metal tanks/shed, paved apron) cut diagonally across the whole vineyard block, but ~10 row axes (V10-R002,R004,R006,R008-R016) are drawn as one continuous line straight across this gap, connecting the vine rows above the track to a separate vine pa"
siret3_r020_c013,fix_false_annotation,high,,,"0,0 430,0 400,180 300,260 150,300 0,220","[agent review] trees: A tree/hedge crown at the top-left corner has a row axis and canopy polygons (part of rows V10-R022/R023) running straight across it; this is foliage, not vines. [road/strip or tree inside the vineyard: split the rows at a road, or delete only the canopies on a tree]"
siret3_r020_c013,fix_false_annotation,high,,,"430,140 655,250 790,560 850,650 600,660 380,640 260,290","[agent review] building: The same two row axes (V10-R022/R023) with their canopy polygons continue directly across a farm building's green metal roof (barn + attached shed); confirmed in a full-resolution crop, no plants under the roof. [road/strip or tree inside the vineyard: split the rows at a road, or delete o"
siret3_r020_c013,fix_false_annotation,high,,,"500,600 780,600 850,650 850,750 700,800 500,750","[agent review] yard: After leaving the roof, the same two false row segments continue across the building's grass/concrete yard (people and a small paved pad visible) before the annotation re-joins real vine plants further down the slope. [road/strip or tree inside the vineyard: split the rows at a road, or delete"
siret3_r021_c014,check_after_review,medium,,,,"[verifier] Minor length extensions (a few meters at the far tips) on existing rows R010 (->[2048,1324]), R015, R016, R017, R020 were also introduced by the re-run; zoomed crops show the tips entering a grass/headland transition zone near the tile's lower-right edge. Evidence is inconclusive (could be a legitim"
siret3_r021_c014,fix_false_annotation,high,,,"1250,950 1500,1000 1750,1150 1950,1450 2048,1700 2048,2048 450,2048 500,1780 620,1560 850,1350 1050,1150","[agent review] shrubs: SE wedge of the tile is dense natural weedy/shrub groundcover (with a few small white-flowering shrub crowns) and has zero visible vine plants at full-resolution zoom, yet the long disrupted rows (approx. V10-R013 through V10-R026, which run from the top edge to the bottom/right edge) keep t"
siret3_r021_c015,check_auto_rows,high,127,2.6,0 420;350 870;345 905;120 960;0 1000,"RC8 drew 3 new row pieces here (seeded detection): check them, complete what is still missing. Was: draw_missing_vineyard - W edge: 3-4 rows of young vines with stakes (ends of block in r021_c014); S part is a young orchard (not vines)"
siret3_r021_c016,draw_missing_vineyard,medium,130.5,2.05,640 0;1170 0;1560 430;1450 560;1100 640;560 200,garden vineyard ~7 rows of leafy young vines with white stakes on dark tilled soil
siret3_r021_c016,draw_missing_vineyard,low,,,"1870,720 2048,760 2048,1080 1900,1050 1830,900","[agent review] 3 short partial rows of small plants next to a taut support wire at the tile's east edge, right at a mosaic/stitch seam (checked at (1830,750)-(2048,1000) and wider crops). Consistent with young vines but the view is small and partially blurred by the mosaic edge, so it is uncertain — matches the pi"
siret3_r021_c016,verify_maybe_vineyard,medium,128,,1860 900;1990 800;2048 800;2048 1200;1990 1190,3 partial rows young vines with stakes + string at east edge (mosaic edge beyond)
siret3_r021_c016,verify_waste,medium,,,"320,1780 490,1990","[agent review] mixed junk/debris pile behind a house (white tub/bucket, broken rubble and scrap pieces)"
siret3_r023_c012,check_after_review,medium,,,,"[verifier] Rows V13-R074 and V13-R075 and their associated canopies are correct: real young vine sprouts on tilled soil, right angle/spacing, consistent with the confirmed neighboring block (14-25 continuing row pieces from tiles r022_c012/r022_c013). Only the third row (R076) and one canopy on it are false po"
siret3_r023_c012,draw_missing_vineyard,high,127,2.6,1690 0;2048 0;2048 170;2005 215;1905 250;1745 80,NE corner: young vines + stakes on sandy tilled soil; row ends against shrubs
siret3_r023_c013,draw_missing_vineyard,medium,127.3,2.9,0 0;290 0;110 230;0 290,rows of block V12 (r022_c013/r022_c012) continue ~6 m past top edge into NW corner
siret3_r023_c013,draw_missing_vineyard,medium,127.3,2.9,1780 0;2048 0;2048 330;1900 210,rows of V12 (r022_c013/r023_c014) continue past top edge in NE corner
siret3_r023_c013,draw_missing_vineyard,medium,,,"0,0 350,0 350,230 0,230","[agent review] Rows of block V10 (from tile r022_c013, e.g. V10-R070/R071 reaching that tile's bottom edge at x=192/56) continue ~5-6 m into this tile's NW corner - clear vine sprigs with small stakes along the furrow - before the ground turns to bare, swirled (non-vine) tillage. Tile has zero row annotations."
siret3_r023_c013,draw_missing_vineyard,low,,,"1900,0 2048,0 2048,150 1900,150",[agent review] A single row from the same block (boundary with r022_c013/r023_c014) continues briefly into the NE corner with a visible vine sprig in a furrow before the tilled ground takes over. Faint/small; tile has zero row annotations.
siret3_r023_c015,check_after_review,medium,,,,"[verifier] V16-R043 near the south tile edge (y1795-2048) sits over sparse, patchy weed clumps rather than a clear vine line - low confidence it is real, worth a second pass. Aside from the flagged rows, the rest of the newly seeded block (V16-R017/R022/R023[south of overshoot]/R024/R026/R028[south of overshoo"
siret3_r023_c015,check_auto_rows,high,,,,"RC8 drew 4 new row pieces here (seeded detection): check them, complete what is still missing. Was: complete_partial_block - left block (other orientation) unmapped; right block only 3 rows"
siret3_r023_c015,verify_waste,medium,,,"1268,588 1388,718","[agent review] circular scorched/burnt patch of grass with charred debris in its center (burn pile), in the grassy gap between the two vineyard blocks"
siret3_r023_c016,fix_false_annotation,medium,,,"0,0 950,0 950,650 0,650","[agent review] yard: Several row axes (e.g. V12-R004/R007/R008, all starting at the tile's top edge) run north through a home yard - a grape arbour mounted on a fence (partly covered by a tarp), a wood/branch pile, dead trees and open grass - and cross a farm track, before reaching the real vineyard rows. Vines on"
siret3_r023_c017,verify_waste,medium,,,"1190,1320 1430,1510","[agent review] Irregular heap of light-colored scattered material (debris/rubbish) on bare ground right next to the house's roof edge, distinct from the neatly laid rugs elsewhere in the yard"
siret3_r024_c018,verify_waste,medium,,,"150,450 495,535",[agent review] two pale elongated planks/pipes lying in the grass (looks like PVC pipe or wood debris)
siret3_r025_c016,complete_partial_block,high,,,,tan strip (possible young vines) unmapped
siret3_r025_c019,draw_missing_vineyard,high,130,1.95,1505 0;2048 0;2048 460;1900 430;1840 410,NE: village-plot vineyard; >=5 leafy vine rows on bare sandy soil
siret3_r026_c017,check_after_review,medium,,,,"[verifier] Row V16-R045 (unchanged carry-over of old R041, px [167,0]-[1804,2048]) runs through the same bare/rocky non-vineyard band with no visible vine plants, but it wasn't touched by this correction pass so it isn't listed as a reject here — flagging for a separate look."
siret3_r026_c017,complete_partial_block,high,,,,tan strip partly mapped
siret3_r026_c017,verify_row,medium,,,"1448,1455","[agent review] V12-R040: Axis (structure=disrupted, flags include low_snr/missing_row_suspect/row_rescued_low_snr) runs diagonally through bare tilled/plowed soil crossed by scattered weeds; full-res crops (e.g. around 1550-1900,1500-2048) show a continuous weedy furrow smear, not discrete plant clumps at regular "
siret3_r026_c017,verify_row,medium,,,"986,1024","[agent review] V12-R041: Longest row on tile (65.6m, disrupted structure), starts at the grassland/shrub edge (167,0) and crosses the same bare tilled strip as R040 with only scattered, non-linear weed patches, no individual vine-canopy spacing visible in multiple full-res crops. Its neighbours (V12-R021/22/24/26/"
siret3_r026_c018,fix_false_annotation,low,,,"0,150 320,150 320,460 0,460","[agent review] shrubs: The very start of row V12-R018 (axis begins at (0,222)) overlaps a dense, mounded wild shrub patch (not a linear vine-plant pattern) before the real tilled vine field begins around x=0,y=450; 2-3 canopy polygons sit on this shrub mass rather than on the field's small vine canopies. Small, lo"
siret3_r026_c018,fix_false_annotation,low,,,"0,1900 110,1900 110,2048 0,2048","[agent review] shrubs: Very short stub row V12-R035 (4.3 m) sits at the tile's bottom-left corner right at the edge of the same shrub mass bordering the vine field; its single canopy looks like it may sit on shrub/field-edge vegetation rather than a genuine short vine row. Low-impact, listed for human judgement. ["
siret3_r026_c018,verify_waste,medium,,,"1550,900 1970,1140","[agent review] Spread heap of broken stone/rubble along and below a low wall, next to the ornamental garden/building compound (top-right of tile); looks like demolition/construction debris dumped or collapsed, clearly distinct from the tidy garden and vine field."
siret3_r027_c017,check_after_review,medium,,,,"[verifier] The 5 pre-existing rows/11 canopies in this same corner (unchanged by RC9, out of scope for this review) look similarly questionable - same non-tilled grassland terrain and pipeline canopy_on_non_vineyard_tile flag - but that is a pre-existing issue, not part of this round's change."
siret3_r027_c031,verify_maybe_vineyard,low,110,1.8,1400 1010;2048 760;2048 2048;1790 2048,SE: black plastic mulch beds ~1.8-2 m apart; no plants visible; new vineyard or vegetable beds - check r028_c031
siret3_r028_c015,draw_missing_vineyard,medium,125,,1440 2048;1560 1900;1700 1840;1900 1840;2048 1880;2048 2048,SE corner: upper ends of the rows the model found in r029_c015 (model stops at the tile edge)
siret3_r028_c018,check_after_review,medium,,,,"[verifier] After undoing the 3 rejected additions, the tile reverts to its RC8f state: 2 short rows + 3 canopies confined to the extreme top-right corner (px x>1876, y<354). Those pre-existing rows/canopies also look questionable on zoom (they sit right along the same dirt-track/field-edge, not clearly on dist"
siret3_r028_c020,redraw_after_false_rows_removed,high,,,,false rows on a vegetable garden removed; check nothing else
siret3_r028_c023,verify_suspect_rows,medium,119.1,,391 1967 1344 2048,"V17: 9/11 rows off the cadastral strip axis - check they are vines, delete if not"
siret3_r028_c031,verify_maybe_vineyard,low,110,1.8,1790 0;2048 0;2048 640;1990 560,NE corner: continuation of the black mulch beds of r027_c031 (no plants visible); rest is a seeded crop field
siret3_r029_c019,check_auto_rows,high,40,2.7,0 1866;530 1430;760 1640;280 2048;0 2048,"RC8 drew 3 new row pieces here (seeded detection): check them, complete what is still missing. Was: draw_missing_vineyard - SW corner: 3-row strip of pruned vines with stakes on bare sandy soil; continues into r030_c019/r029_c018; big field to NE has only scattered weed clumps (not vines)"
siret3_r029_c020,check_auto_rows,medium,125,3.0,1640 980;2048 960;2048 1600;1650 1060,"RC8 drew 3 new row pieces here (seeded detection): check them, complete what is still missing. Was: draw_missing_vineyard - 3 rows of young vines on tilled strips in SE part; continue V24-R001..R003 of r029_c021 (125 deg); top-centre green lines are vegetable rows (not vines); rest ploughed field"
siret3_r029_c023,verify_suspect_rows,medium,119.1,,391 0 2048 2048,"V17: 9/11 rows off the cadastral strip axis - check they are vines, delete if not"
siret3_r029_c024,verify_suspect_rows,medium,119.1,,0 1258 437 2048,"V17: 9/11 rows off the cadastral strip axis - check they are vines, delete if not"
siret3_r029_c025,fix_false_annotation,medium,,,"60,0 655,0 655,1210 60,1210","[agent review] grass: Entire annotated V14 block (rows R001-R005, 14 canopies) sits over a weedy/fallow field, not a vineyard. Full-resolution raw crops (0,0-350,400; 180,0-320,700; 450,400-850,1250) show only sparse, irregularly-spaced weed/grass clumps (~150-250px apart, i.e. far more than the ~40-60px expected "
siret3_r029_c025,verify_row,medium,,,"100,187","[agent review] V14-R001: Row axis over weedy fallow ground, no real vine plants at correct spacing along this line."
siret3_r029_c025,verify_row,medium,,,"237,331","[agent review] V14-R002: Row axis over weedy fallow ground, no real vine plants at correct spacing along this line."
siret3_r029_c025,verify_row,medium,,,"354,136","[agent review] V14-R003: Row axis over weedy fallow ground, no real vine plants at correct spacing along this line."
siret3_r029_c025,verify_row,medium,,,"450,196","[agent review] V14-R004: Row axis over weedy fallow ground, no real vine plants at correct spacing along this line."
siret3_r029_c025,verify_row,medium,,,"618,599","[agent review] V14-R005: Longest row (29.9m) checked at multiple points (y~400-1250 crop) - only sparse random weed clumps loosely tracking the line near a field-edge track, not a planted vine row."
siret3_r030_c016,check_auto_rows,high,52,2.5,800 1040;1170 460;1620 95;2048 282;2048 1229;1434 1664;1280 1638;1050 1280,"RC8 drew 11 new row pieces here (seeded detection): check them, complete what is still missing. Was: draw_missing_vineyard - ~12 rows of young vines on sandy tilled soil; very clear; no model rows here or in neighbours"
siret3_r030_c017,check_auto_rows,high,47.5,2.25,789 923;1178 1210;490 2048;0 2048;0 1840,"RC8 drew 6 new row pieces here (seeded detection): check them, complete what is still missing. Was: draw_missing_vineyard - sandy strip of vines with stakes (continues SW into r031_c016/r031_c017)"
siret3_r030_c017,check_auto_rows,medium,47.5,2.25,1178 1210;1450 1330;1650 1700;1450 2048;490 2048,"RC8 drew 6 new row pieces here (seeded detection): check them, complete what is still missing. Was: draw_missing_vineyard - same rows continue SE overgrown with grass: vine lines + stakes/white tubes in grass; east limit uncertain"
siret3_r030_c017,check_auto_rows,medium,47.5,,0 420;250 540;320 610;100 850;0 950,"RC8 drew 6 new row pieces here (seeded detection): check them, complete what is still missing. Was: draw_missing_vineyard - small sandy strip of vine rows at W edge (continues into r030_c016)"
siret3_r030_c018,check_auto_rows,high,43,2.9,256 1434;1843 0;2048 0;2048 333;538 1741,"RC8 drew 4 new row pieces here (seeded detection): check them, complete what is still missing. Was: draw_missing_vineyard - narrow NE-running block: 3-4 rows of young vines with stakes on tilled strip between scrub; FFT lines align with rows"
siret3_r030_c019,check_auto_rows,high,50,2.5,1230 2048;1640 1590;2048 1130;2048 2048,"RC8 drew 7 new row pieces here (seeded detection): check them, complete what is still missing. Was: draw_missing_vineyard - young vines + trellis posts in SE corner; first row = NW edge of block; no neighbour rows drawn so block likely missed in neighbours too"
siret3_r030_c020,check_auto_rows,medium,47,2.5,0 1150;130 1150;260 1330;230 1480;120 1650;40 1900;0 1950,"RC8 drew 3 new row pieces here (seeded detection): check them, complete what is still missing. Was: draw_missing_vineyard - SW edge: young vines + stakes on sandy soil (block continues into r030_c019/r031_c019); weedy area to the E has stakes but rows unclear - excluded"
siret3_r030_c023,fix_false_annotation,medium,,,"1825,0 2048,0 2048,370 1825,370","[agent review] grass: The only two annotated rows on this tile (V17-R005, V17-R006, top-right corner) are drawn over a continuous, unbroken strip of low weedy/grassy vegetation growing along a shallow furrow, not over discrete grapevine plants. Full-res zoom crops (1750-2048,0-400 and closer) show no individual bu"
siret3_r030_c023,verify_suspect_rows,medium,119.1,,1517 0 2048 1319,"V17: 9/11 rows off the cadastral strip axis - check they are vines, delete if not"
siret3_r030_c024,fix_false_annotation,medium,,,"40,0 400,0 1540,2048 440,2048 0,1200 0,40","[agent review] grass: All 8 annotated rows on this tile (V17-R002,R003,R004,R005,R006,R008,R009,R011) sit on the same kind of feature checked in neighbour tile c023: a set of parallel, continuous, uniform-width strips of low green weedy vegetation in shallow furrows, not discrete grapevine plants. Zoomed crops at "
siret3_r030_c024,verify_suspect_rows,medium,119.1,,0 0 1553 2048,"V17: 9/11 rows off the cadastral strip axis - check they are vines, delete if not"
siret3_r031_c017,check_auto_rows,high,50,2.5,784 1370;1182 839;1846 80;2048 60;2048 461;1075 1536;973 1690;768 1560,"RC8 drew 4 new row pieces here (seeded detection): check them, complete what is still missing. Was: draw_missing_vineyard - diagonal sandy strip ~16 m wide with young vines + stakes; rows parallel to the strip; next to r030_c016 block"
siret3_r031_c018,check_after_review,medium,,,,"[verifier] The seeded block V27 (17 rows, ~29 canopies) covers a genuine weed/grass fallow field and should be fully removed/excluded, not seeded. The pre-existing small stub row at top-left (now V26-R002, 2.6m) also looks questionable but was not part of this change so is out of scope."
siret3_r031_c018,check_auto_rows,high,,,,"RC8 drew 1 new row pieces here (seeded detection): check them, complete what is still missing. Was: complete_partial_block - most of the vineyard unmapped (3 row pieces in the bottom-right only)"
siret3_r031_c019,check_auto_rows,high,50,2.5,1180 0;1900 0;800 1300;400 1030,"RC8 drew 6 new row pieces here (seeded detection): check them, complete what is still missing. Was: draw_missing_vineyard - bare sandy rows with stakes + young vines in NW half (continues into r030_c019/r030_c020)"
siret3_r031_c019,check_auto_rows,medium,50,2.5,1900 0;2048 0;2048 2048;1230 2048;800 1300,"RC8 drew 6 new row pieces here (seeded detection): check them, complete what is still missing. Was: draw_missing_vineyard - same block continues SE: vine rows with stakes in grass; some flowering shrubs among rows (exclude shrubs)"
siret3_r031_c020,draw_missing_vineyard,low,,,"0,0 620,60 640,660 0,700","[agent review] Sparse dark support-stake objects with a few tiny green shoots are visible in a loose diagonal pattern in the NW corner (clearest at crop 0,0-700,700), matching the pipeline's own 'verify_maybe_vineyard' note describing an abandoned stake field with dark vine stumps and barely-visible rows (FFT ~50 "
siret3_r031_c020,verify_maybe_vineyard,low,50,2.2,0 0;760 0;760 420;420 1000;0 1000,abandoned-looking plot: grid of stakes/posts in weedy sand (FFT 50 deg; matches V33/V28 blocks nearby); a few dark vine stumps with sparse shoots; rows barely visible
siret3_r031_c020,verify_maybe_vineyard,low,53,2.4,760 1350;1550 1350;1700 2048;760 2048,same abandoned stake field (S part): stakes in lines + dry vine-like stumps; almost no foliage
siret3_r031_c024,verify_suspect_rows,medium,119.1,,406 0 1553 81,"V17: 9/11 rows off the cadastral strip axis - check they are vines, delete if not"
siret3_r032_c020,check_auto_rows,high,51,2.67,0 1330;300 1240;520 1330;650 1520;780 1650;950 1850;950 2048;0 2048,"RC8 drew 8 new row pieces here (seeded detection): check them, complete what is still missing. Was: draw_missing_vineyard - young vines with stakes on tilled soil in SW corner; continues V33 rows of r033_c020/r033_c019 (45-50 deg) that end on this tile's S edge"
siret3_r032_c020,check_auto_rows,low,53,2.4,450 0;1450 0;1450 300;1000 560;450 560,"RC8 drew 8 new row pieces here (seeded detection): check them, complete what is still missing. Was: verify_maybe_vineyard - N part: same abandoned stake field as r031_c020 (posts + faint 53 deg stripes; almost no foliage); E edge near V28 is overgrown scrub; not added"
siret3_r032_c022,check_after_review,medium,,,,"[verifier] Revert V30-R006's tip back to (41,1019) / restore the headland trim. No other changes found on this tile (all other 13 rows, canopy count, interrow cover, and waste are identical before/after)."
siret3_r032_c022,check_auto_rows,high,52,3.0,0 1000;330 790;1230 1630;1440 1800;1430 2048;0 2048,"RC8 drew 14 new row pieces here (seeded detection): check them, complete what is still missing. Was: draw_missing_vineyard - young vines + trellis posts; A-anchored end posts along NE headland (perpendicular to rows); FFT 52 deg 3.1 m"
siret3_r033_c019,check_after_review,medium,,,,"[verifier] The pre-existing 6 rows (V31-R002/R003/R006/R008/R009/R010) over the real diagonal tilled vineyard block are correct and untouched by this change — only the newly seeded V32 block (4 rows, ~7 canopies) needs to be undone. Pipeline's own marcaj_todo flag ('complete_partial_block: upper-left rows of t"
siret3_r033_c019,complete_partial_block,high,,,,upper-left rows of the block unmapped (5 rows mapped)
siret3_r033_c021,check_auto_rows,high,52,2.9,1075 0;2048 0;2048 1331;1792 1203;1536 998;1280 768;1075 589;1024 307,"RC8 drew 11 new row pieces here (seeded detection): check them, complete what is still missing. Was: draw_missing_vineyard - NE: young vines with stakes on sandy soil; many rows; no model rows here"
siret3_r033_c022,check_after_review,medium,,,,"[verifier] Scattered young-vine V-stakes are visible between R021 and the two tree crowns (matches the marcaj_todo note about young vines with V-stakes continuing), and a thin tilled track farther SE (around x300-900,y1050-1650) does show sparse young sprouts roughly on-line — so a real row may exist there, bu"
siret3_r033_c022,check_auto_rows,high,,,,"RC8 drew 2 new row pieces here (seeded detection): check them, complete what is still missing. Was: complete_partial_block - tan-soil block rows partly mapped"
siret3_r033_c027,redraw_after_false_rows_removed,high,,,,false rows on a meadow removed; check the field at the bottom-right
siret3_r034_c019,draw_missing_vineyard,high,135,2.3,1063 1010;1304 1000;1587 1304;1797 1524;2048 1765;2048 2048;1922 1996;1461 1419,2-3 vine rows with shoots + posts on bare strip along nodata edge; FFT 132-135 deg; same block as r035_c020 top-left
siret3_r034_c019,draw_missing_vineyard,medium,,,"1010,945 1120,895 1640,1580 1530,1650","[agent review] On the narrow bare strip squeezed between the nodata edge and a shrub band (~132-135 deg orientation), a single vine row is visible under zoom: small green shoots strung along a thin dark line (post/wire shadow). This lines up with block V31 whose 3 drawn rows start at the very top edge of neighbour"
siret3_r034_c021,check_auto_rows,high,51.5,3.0,1527 2048;1790 1720;2048 1400;2048 2048,"RC8 drew 3 new row pieces here (seeded detection): check them, complete what is still missing. Was: draw_missing_vineyard - SE corner: 4-5 rows of vines with stakes on bare soil; block continues into r034_c022/r035_c021/r035_c022 (also missed there); rest is meadow with trees"
siret3_r034_c022,complete_partial_block,high,,,,left tan block partly mapped
siret3_r034_c022,draw_missing_vineyard,high,,,"0,760 700,790 650,1050 480,1350 420,1700 150,1900 0,1880","[agent review] Bottom-left tilled block: clear rows of young vines with dark stakes on bare soil, diagonal (~30-40deg), verified with multiple full-res crops (e.g. x0-460,y900-1900). Currently zero annotations on this tile."
siret3_r034_c022,draw_missing_vineyard,medium,,,"858,1739 1148,1939 1092,2021 802,1821",[agent review] Small tilled strip bottom-center-right shows one clear row of young vines with white stakes; this is the northern tip of a large block already mapped in neighbouring r035_c022 (17 row pieces) / r035_c021 (7 row pieces).
siret3_r034_c022,redraw_after_false_rows_removed,high,,,,false rows across a road removed; draw the vines at the bottom-left (about 40 degrees)
siret3_r034_c025,draw_missing_vineyard,high,40,2.46,1490 1730;2048 1280;2048 2048;1790 2048;1640 1880,young vines + A-anchored end posts on SW headland; overlay at 40 deg / 2.46 m fits; tilled unplanted soil NW of first row
siret3_r034_c026,check_after_review,medium,,,,"[verifier] The seed region's own marcaj_todo already flagged 'two walnut-type trees inside excluded poorly' and RC9 did not fix it: rows R002-R005 still start/end inside the two large tree crowns with false canopy boxes drawn on tree foliage (a handful of the 28 canopies). Rows R001 (tiny 1m row, verified on a"
siret3_r034_c026,draw_missing_vineyard,high,40,2.45,0 1203;589 742;947 461;1126 1024;1203 1536;1203 2048;0 2048,W half: young vines + stakes/end braces on sandy soil (two walnut-type trees inside excluded poorly - small); E half is a dense ~1 m grid plantation (nursery/crop); NOT vines
siret3_r034_c026,verify_suspect_rows,medium,131.0,,263 1968 1047 2048,"V35: 13/13 rows off the cadastral strip axis - check they are vines, delete if not"
siret3_r035_c020,check_auto_rows,high,146,2.37,0 0;300 0;560 200;470 340;300 400;115 273;150 210;0 88,"RC8 drew 3 new row pieces here (seeded detection): check them, complete what is still missing. Was: draw_missing_vineyard - 4 vine rows on trellis (wires + posts) in NW corner; overlay 146 deg fits"
siret3_r035_c021,check_auto_rows,high,51,3.05,614 1101;1434 0;2048 0;2048 102;1510 768;1024 1318;768 1306,"RC8 drew 7 new row pieces here (seeded detection): check them, complete what is still missing. Was: draw_missing_vineyard - central strip: 5 rows of young vines with stakes on tilled soil"
siret3_r035_c021,check_auto_rows,medium,50,,1434 1638;2048 870;2048 1330;1690 1792;1485 1792,"RC8 drew 7 new row pieces here (seeded detection): check them, complete what is still missing. Was: draw_missing_vineyard - SE strip: young vines + stakes on tilled soil; same direction as central strip"
siret3_r035_c025,verify_suspect_rows,medium,131.0,,1968 182 2048 621,"V35: 13/13 rows off the cadastral strip axis - check they are vines, delete if not"
siret3_r035_c026,check_auto_rows,high,,,,"RC8 drew 13 new row pieces here (seeded detection): check them, complete what is still missing. Was: complete_partial_block - bottom-left block with another orientation unmapped"
siret3_r035_c026,verify_suspect_rows,medium,131.0,,0 0 2048 2048,"V35: 13/13 rows off the cadastral strip axis - check they are vines, delete if not"
siret3_r035_c027,verify_suspect_rows,medium,131.0,,0 1150 80 2048,"V35: 13/13 rows off the cadastral strip axis - check they are vines, delete if not"
siret3_r036_c022,check_auto_rows,high,53,2.6,384 256;614 0;1050 0;998 154;742 499;640 512;384 282,"RC8 drew 5 new row pieces here (seeded detection): check them, complete what is still missing. Was: draw_missing_vineyard - N: 4-5 short rows of young vines + stakes (end of r035_c021/r035_c022 strip)"
siret3_r036_c023,check_after_review,medium,,,,"[verifier] Good parts of RC9 on this tile: V40-R001 (drawn through meadow/shrub, not vines) was correctly removed; the surviving/extended V44-R002 and V44-R003 correctly trace real furrows with visible canopies. Bad part: the deleted southern half of old R002 (see reject) should be restored. Minor/low-confiden"
siret3_r036_c023,check_auto_rows,high,58,2.7,1100 2048;1480 1260;1830 800;2048 520;2048 2048,"RC8 drew 5 new row pieces here (seeded detection): check them, complete what is still missing. Was: draw_missing_vineyard - SE half: tilled vineyard with stakes + young vines (continues into r036_c024/r037_c023/r037_c024); NW is meadow with shrubs"
siret3_r036_c023,draw_missing_vineyard,low,,,"1660,1408 2048,1200 2048,1650 1560,1900","[agent review] Between the R004 axis and the tiny R007 stub near the SE corner, 2 more furrow lines with visible stakes/sprouts appear to have no axis. Below the usual >=3-row threshold and the tile already carries a 'row_undershoot' flag, so this may just be geometry the pipeline will interpolate rather than a ge"
siret3_r036_c024,check_after_review,medium,,,,"[verifier] After rejecting the 3 seeded rows, the tile reverts to the previous 15 correct rows (V40-R005 = V44-R005 onward), which remain good. The top-left corner (adjoining the natural bush/tree line at the tile's top edge) is not vineyard and should stay unannotated."
siret3_r036_c024,check_auto_rows,high,,,,"RC8 drew 5 new row pieces here (seeded detection): check them, complete what is still missing. Was: complete_partial_block - left half of the young-vine block unmapped (7 rows mapped)"
siret3_r036_c025,fix_false_annotation,high,,,"440,1000 700,1030 680,1300 480,1340 400,1150","[agent review] trees: A dark, round-crowned tree/shrub (distinct woody canopy casting deep shadow, clearly not vine foliage) sits directly in the path of one row; the row's red axis and cyan inter-row band are drawn straight across the tree crown instead of stopping at it. [road/strip or tree inside the vineyard: "
siret3_r036_c025,verify_waste,low,,,"900,1830 970,1900","[agent review] small pale/whitish elongated object lying in grass near the vine-block edge; could be a rock, fallen branch/log, or debris - resolution is not enough to tell, not clearly a bag/bottle/tyre"
siret3_r036_c026,verify_suspect_rows,medium,131.0,,1248 0 2048 80,"V35: 13/13 rows off the cadastral strip axis - check they are vines, delete if not"
siret3_r036_c027,draw_missing_vineyard,high,11,3.3,430 510;780 490;780 690;640 960;560 1010;440 980,4 rows of young vines with A-frame end posts on tilled soil; W of nodata edge; small SW corner (x<190;y 1100-1500) also shows vines/posts but not added
siret3_r037_c022,draw_missing_vineyard,high,141,2.3,40 760;404 1050;876 1482;1380 2048;1011 2048;647 1562;256 1104;40 800,2-3 vine rows with shoots + posts on bare strip along nodata edge; overlay 141 deg fits
siret3_r037_c022,draw_missing_vineyard,medium,,,"400,635 610,1485 560,1560 340,700","[agent review] A continuous line of young vine shoots with dark stake shadows runs along a tilled strip beside the nodata edge from ~(350,650) to the tile's bottom edge (crops 0,800-700,1500 and 100,900-700,1600 and 100,1400-700,2048). Neighbour tiles siret3_r038_c022 (9 pieces) and siret3_r038_c023 (22 pieces) al"
siret3_r037_c023,verify_suspect_rows,medium,142.8,,765 77 2026 1163,"V42: 4/4 rows off the cadastral strip axis - check they are vines, delete if not"
siret3_r037_c024,fix_false_annotation,high,,,"680,890 1376,362 1316,282 620,810","[agent review] hedge: Row V40-R022's axis and canopy run straight through a solid white-blossom hedge/shrub thicket (no vine plants) between two tilled sections of the V40 field, from where real tilled soil ends near (650,850) to the row's drawn endpoint (1346,322). Confirmed at full resolution in crops 500,300-11"
siret3_r037_c025,fix_false_annotation,high,,,"950,0 1580,0 1580,400 1300,350 1050,200 950,60","[agent review] hedge: Rows V38-R035, R038, R040 and R042 run their canopy through a dense, uniform hedge/shrub thicket at the top of the tile (full-res crops 400,0-1300,450 and 950,0-1900,500) - no individual vine-plant structure, unlike the confirmed vine texture elsewhere in this tile. [road/strip or tree inside"
siret3_r037_c025,fix_false_annotation,high,,,"1580,0 2048,0 2048,480 1750,420 1580,300","[agent review] road: Rows V38-R044, R046 and the first V43 row are drawn crossing a clearly visible bare-dirt farm track (crop 1600,0-2048,500), in addition to the same hedge seen further left - a rows-must-not-cross-a-road violation. [road/strip or tree inside the vineyard: split the rows at a road, or delete onl"
siret3_r037_c026,check_auto_rows,high,50,2.2,333 602;742 0;1357 0;691 1011;512 845,"RC8 drew 6 new row pieces here (seeded detection): check them, complete what is still missing. Was: draw_missing_vineyard - N: ~8 vine rows with stakes and grassy inter-rows; cut by mosaic edge"
siret3_r037_c026,check_auto_rows,medium,148,,30 1470;230 1260;520 1240;330 1760;130 1700,"RC8 drew 6 new row pieces here (seeded detection): check them, complete what is still missing. Was: verify_maybe_vineyard - SW fragment at mosaic edge: end posts with anchor wires + few small plants; separate block; direction uncertain"
siret3_r038_c024,complete_partial_block,high,,,,vine patch in the top-right unmapped
siret3_r038_c025,check_after_review,medium,,,,"[verifier] After undoing the two rejects above, the tile is clean: V44-R083's extension (was V38-R053, lengthened from px[420,1059] to px[338,1176]) correctly follows real vine canopy that was previously missing, and V44-R084's trim (was V38-R054, shortened endpoint from px[883,539] to px[781,687]) correctly p"
siret3_r038_c025,check_auto_rows,high,,,,"RC8 drew 9 new row pieces here (seeded detection): check them, complete what is still missing. Was: complete_partial_block - only 1 row piece; the rest of the vine area at the top is unmapped"
